trainingdata,dim,n,m,track,rank,step,l,acc,model,C
jrnd,30,6,5,opt,b,1,6632,54.0712,PREF,10
jrnd,30,6,5,opt,b,2,7042,60.0682,PREF,10
jrnd,30,6,5,opt,b,3,7260,62.0661,PREF,10
jrnd,30,6,5,opt,b,4,7260,61.4325,PREF,10
jrnd,30,6,5,opt,b,5,7234,61.6810,PREF,10
jrnd,30,6,5,opt,b,6,7416,62.2168,PREF,10
jrnd,30,6,5,opt,b,7,7522,62.6695,PREF,10
jrnd,30,6,5,opt,b,8,7592,64.1728,PREF,10
jrnd,30,6,5,opt,b,9,7702,66.5282,PREF,10
jrnd,30,6,5,opt,b,10,7648,66.9979,PREF,10
jrnd,30,6,5,opt,b,11,7548,67.1436,PREF,10
jrnd,30,6,5,opt,b,12,7486,68.3142,PREF,10
jrnd,30,6,5,opt,b,13,7286,69.3934,PREF,10
jrnd,30,6,5,opt,b,14,7272,71.7272,PREF,10
jrnd,30,6,5,opt,b,15,7128,72.1942,PREF,10
jrnd,30,6,5,opt,b,16,6898,73.9345,PREF,10
jrnd,30,6,5,opt,b,17,6680,75.1198,PREF,10
jrnd,30,6,5,opt,b,18,6436,75.0466,PREF,10
jrnd,30,6,5,opt,b,19,6038,75.4223,PREF,10
jrnd,30,6,5,opt,b,20,5572,79.2893,PREF,10
jrnd,30,6,5,opt,b,21,5072,79.9290,PREF,10
jrnd,30,6,5,opt,b,22,4506,81.0919,PREF,10
jrnd,30,6,5,opt,b,23,3836,83.3160,PREF,10
jrnd,30,6,5,opt,b,24,3198,85.3033,PREF,10
jrnd,30,6,5,opt,b,25,2390,86.1088,PREF,10
jrnd,30,6,5,opt,b,26,1750,90.0571,PREF,10
jrnd,30,6,5,opt,b,27,1072,94.0299,PREF,10
jrnd,30,6,5,opt,b,28,490,99.5918,PREF,10
jrnd,30,6,5,opt,b,29,106,100.0000,PREF,10
jrnd,30,6,5,opt,f,1,5140,57.6265,PREF,10
jrnd,30,6,5,opt,f,2,5372,58.8980,PREF,10
jrnd,30,6,5,opt,f,3,5568,60.8118,PREF,10
jrnd,30,6,5,opt,f,4,5434,64.1516,PREF,10
jrnd,30,6,5,opt,f,5,5380,62.9368,PREF,10
jrnd,30,6,5,opt,f,6,5390,63.3766,PREF,10
jrnd,30,6,5,opt,f,7,5438,59.3968,PREF,10
jrnd,30,6,5,opt,f,8,5538,62.5497,PREF,10
jrnd,30,6,5,opt,f,9,5534,66.2089,PREF,10
jrnd,30,6,5,opt,f,10,5432,67.3417,PREF,10
jrnd,30,6,5,opt,f,11,5376,66.6667,PREF,10
jrnd,30,6,5,opt,f,12,5350,68.2243,PREF,10
jrnd,30,6,5,opt,f,13,5160,69.5736,PREF,10
jrnd,30,6,5,opt,f,14,5120,72.7344,PREF,10
jrnd,30,6,5,opt,f,15,4930,74.1582,PREF,10
jrnd,30,6,5,opt,f,16,4916,73.2710,PREF,10
jrnd,30,6,5,opt,f,17,4864,74.8355,PREF,10
jrnd,30,6,5,opt,f,18,4716,73.3673,PREF,10
jrnd,30,6,5,opt,f,19,4598,75.5546,PREF,10
jrnd,30,6,5,opt,f,20,4312,78.8497,PREF,10
jrnd,30,6,5,opt,f,21,3942,80.4160,PREF,10
jrnd,30,6,5,opt,f,22,3564,82.3793,PREF,10
jrnd,30,6,5,opt,f,23,3140,83.3121,PREF,10
jrnd,30,6,5,opt,f,24,2708,83.8257,PREF,10
jrnd,30,6,5,opt,f,25,2156,84.6939,PREF,10
jrnd,30,6,5,opt,f,26,1652,89.5884,PREF,10
jrnd,30,6,5,opt,f,27,1060,94.9057,PREF,10
jrnd,30,6,5,opt,f,28,490,98.3673,PREF,10
jrnd,30,6,5,opt,f,29,106,100.0000,PREF,10
jrnd,30,6,5,opt,p,1,4550,57.1429,PREF,10
jrnd,30,6,5,opt,p,2,4650,59.1398,PREF,10
jrnd,30,6,5,opt,p,3,4780,61.9247,PREF,10
jrnd,30,6,5,opt,p,4,4760,64.2857,PREF,10
jrnd,30,6,5,opt,p,5,4760,62.1849,PREF,10
jrnd,30,6,5,opt,p,6,4810,63.2017,PREF,10
jrnd,30,6,5,opt,p,7,4830,59.2133,PREF,10
jrnd,30,6,5,opt,p,8,4858,62.7830,PREF,10
jrnd,30,6,5,opt,p,9,4888,67.0622,PREF,10
jrnd,30,6,5,opt,p,10,4872,67.9803,PREF,10
jrnd,30,6,5,opt,p,11,4834,67.6458,PREF,10
jrnd,30,6,5,opt,p,12,4850,69.0722,PREF,10
jrnd,30,6,5,opt,p,13,4720,69.6610,PREF,10
jrnd,30,6,5,opt,p,14,4746,72.6928,PREF,10
jrnd,30,6,5,opt,p,15,4632,74.3092,PREF,10
jrnd,30,6,5,opt,p,16,4600,73.5652,PREF,10
jrnd,30,6,5,opt,p,17,4514,76.0301,PREF,10
jrnd,30,6,5,opt,p,18,4354,73.5875,PREF,10
jrnd,30,6,5,opt,p,19,4222,76.2672,PREF,10
jrnd,30,6,5,opt,p,20,4020,79.1045,PREF,10
jrnd,30,6,5,opt,p,21,3732,80.6002,PREF,10
jrnd,30,6,5,opt,p,22,3414,82.1324,PREF,10
jrnd,30,6,5,opt,p,23,3032,82.8496,PREF,10
jrnd,30,6,5,opt,p,24,2642,83.4217,PREF,10
jrnd,30,6,5,opt,p,25,2124,85.0282,PREF,10
jrnd,30,6,5,opt,p,26,1634,88.7393,PREF,10
jrnd,30,6,5,opt,p,27,1058,94.8960,PREF,10
jrnd,30,6,5,opt,p,28,490,98.3673,PREF,10
jrnd,30,6,5,opt,p,29,106,100.0000,PREF,10
jrnd,30,6,5,opt,a,1,11772,53.8056,PREF,10
jrnd,30,6,5,opt,a,2,12414,59.5940,PREF,10
jrnd,30,6,5,opt,a,3,12828,61.4905,PREF,10
jrnd,30,6,5,opt,a,4,12694,62.0451,PREF,10
jrnd,30,6,5,opt,a,5,12614,61.8678,PREF,10
jrnd,30,6,5,opt,a,6,12806,62.1740,PREF,10
jrnd,30,6,5,opt,a,7,12960,62.5154,PREF,10
jrnd,30,6,5,opt,a,8,13130,63.8081,PREF,10
jrnd,30,6,5,opt,a,9,13236,66.8178,PREF,10
jrnd,30,6,5,opt,a,10,13080,67.9358,PREF,10
jrnd,30,6,5,opt,a,11,12924,67.0071,PREF,10
jrnd,30,6,5,opt,a,12,12836,67.9651,PREF,10
jrnd,30,6,5,opt,a,13,12446,69.1306,PREF,10
jrnd,30,6,5,opt,a,14,12392,72.4500,PREF,10
jrnd,30,6,5,opt,a,15,12058,72.5991,PREF,10
jrnd,30,6,5,opt,a,16,11814,73.6076,PREF,10
jrnd,30,6,5,opt,a,17,11544,74.7401,PREF,10
jrnd,30,6,5,opt,a,18,11152,74.6234,PREF,10
jrnd,30,6,5,opt,a,19,10636,75.5923,PREF,10
jrnd,30,6,5,opt,a,20,9884,79.1178,PREF,10
jrnd,30,6,5,opt,a,21,9014,80.0089,PREF,10
jrnd,30,6,5,opt,a,22,8070,81.0409,PREF,10
jrnd,30,6,5,opt,a,23,6976,83.3429,PREF,10
jrnd,30,6,5,opt,a,24,5906,84.9306,PREF,10
jrnd,30,6,5,opt,a,25,4546,85.0418,PREF,10
jrnd,30,6,5,opt,a,26,3402,89.4180,PREF,10
jrnd,30,6,5,opt,a,27,2132,94.0901,PREF,10
jrnd,30,6,5,opt,a,28,980,99.1837,PREF,10
jrnd,30,6,5,opt,a,29,212,100.0000,PREF,10
jrnd,30,6,5,mwr,b,1,6632,54.0712,PREF,10
jrnd,30,6,5,mwr,b,2,6520,60.3067,PREF,10
jrnd,30,6,5,mwr,b,3,6276,65.9018,PREF,10
jrnd,30,6,5,mwr,b,4,6260,69.2652,PREF,10
jrnd,30,6,5,mwr,b,5,6146,69.4435,PREF,10
jrnd,30,6,5,mwr,b,6,6202,67.5589,PREF,10
jrnd,30,6,5,mwr,b,7,6102,67.1911,PREF,10
jrnd,30,6,5,mwr,b,8,6074,68.0935,PREF,10
jrnd,30,6,5,mwr,b,9,5966,70.6671,PREF,10
jrnd,30,6,5,mwr,b,10,5678,71.6802,PREF,10
jrnd,30,6,5,mwr,b,11,5684,72.6249,PREF,10
jrnd,30,6,5,mwr,b,12,5646,70.7758,PREF,10
jrnd,30,6,5,mwr,b,13,5558,72.8679,PREF,10
jrnd,30,6,5,mwr,b,14,5368,71.8331,PREF,10
jrnd,30,6,5,mwr,b,15,5248,73.2851,PREF,10
jrnd,30,6,5,mwr,b,16,5076,76.7533,PREF,10
jrnd,30,6,5,mwr,b,17,4988,79.1500,PREF,10
jrnd,30,6,5,mwr,b,18,4906,79.7799,PREF,10
jrnd,30,6,5,mwr,b,19,4756,83.0530,PREF,10
jrnd,30,6,5,mwr,b,20,4998,84.7539,PREF,10
jrnd,30,6,5,mwr,b,21,5022,86.5392,PREF,10
jrnd,30,6,5,mwr,b,22,4940,86.0729,PREF,10
jrnd,30,6,5,mwr,b,23,4686,88.0495,PREF,10
jrnd,30,6,5,mwr,b,24,4344,89.3646,PREF,10
jrnd,30,6,5,mwr,b,25,3984,94.0763,PREF,10
jrnd,30,6,5,mwr,b,26,1812,96.4680,PREF,10
jrnd,30,6,5,mwr,b,27,730,95.3425,PREF,10
jrnd,30,6,5,mwr,b,28,228,100.0000,PREF,10
jrnd,30,6,5,mwr,b,29,22,100.0000,PREF,10
jrnd,30,6,5,mwr,f,1,5140,57.6265,PREF,10
jrnd,30,6,5,mwr,f,2,5156,60.9387,PREF,10
jrnd,30,6,5,mwr,f,3,4906,62.9841,PREF,10
jrnd,30,6,5,mwr,f,4,4990,70.1403,PREF,10
jrnd,30,6,5,mwr,f,5,4928,67.4919,PREF,10
jrnd,30,6,5,mwr,f,6,4808,64.7255,PREF,10
jrnd,30,6,5,mwr,f,7,4782,64.4918,PREF,10
jrnd,30,6,5,mwr,f,8,4752,68.5185,PREF,10
jrnd,30,6,5,mwr,f,9,4726,71.1384,PREF,10
jrnd,30,6,5,mwr,f,10,4518,71.1819,PREF,10
jrnd,30,6,5,mwr,f,11,4506,71.9041,PREF,10
jrnd,30,6,5,mwr,f,12,4474,69.5574,PREF,10
jrnd,30,6,5,mwr,f,13,4374,67.4440,PREF,10
jrnd,30,6,5,mwr,f,14,4302,69.6420,PREF,10
jrnd,30,6,5,mwr,f,15,4240,72.7358,PREF,10
jrnd,30,6,5,mwr,f,16,4106,80.3702,PREF,10
jrnd,30,6,5,mwr,f,17,4006,84.7229,PREF,10
jrnd,30,6,5,mwr,f,18,3980,80.1508,PREF,10
jrnd,30,6,5,mwr,f,19,3882,82.0711,PREF,10
jrnd,30,6,5,mwr,f,20,4060,85.7635,PREF,10
jrnd,30,6,5,mwr,f,21,4070,85.9951,PREF,10
jrnd,30,6,5,mwr,f,22,3952,85.2227,PREF,10
jrnd,30,6,5,mwr,f,23,3766,86.3516,PREF,10
jrnd,30,6,5,mwr,f,24,3478,89.1317,PREF,10
jrnd,30,6,5,mwr,f,25,3116,93.5815,PREF,10
jrnd,30,6,5,mwr,f,26,1568,97.4490,PREF,10
jrnd,30,6,5,mwr,f,27,680,96.4706,PREF,10
jrnd,30,6,5,mwr,f,28,228,100.0000,PREF,10
jrnd,30,6,5,mwr,f,29,22,100.0000,PREF,10
jrnd,30,6,5,mwr,p,1,4550,57.1429,PREF,10
jrnd,30,6,5,mwr,p,2,4510,61.6408,PREF,10
jrnd,30,6,5,mwr,p,3,4370,62.9291,PREF,10
jrnd,30,6,5,mwr,p,4,4400,69.3182,PREF,10
jrnd,30,6,5,mwr,p,5,4350,68.7356,PREF,10
jrnd,30,6,5,mwr,p,6,4310,64.9652,PREF,10
jrnd,30,6,5,mwr,p,7,4300,65.8140,PREF,10
jrnd,30,6,5,mwr,p,8,4330,68.1293,PREF,10
jrnd,30,6,5,mwr,p,9,4260,72.0657,PREF,10
jrnd,30,6,5,mwr,p,10,4160,71.6346,PREF,10
jrnd,30,6,5,mwr,p,11,4090,72.6161,PREF,10
jrnd,30,6,5,mwr,p,12,4040,68.8119,PREF,10
jrnd,30,6,5,mwr,p,13,4010,68.5786,PREF,10
jrnd,30,6,5,mwr,p,14,3880,70.1031,PREF,10
jrnd,30,6,5,mwr,p,15,3840,73.4375,PREF,10
jrnd,30,6,5,mwr,p,16,3760,80.3191,PREF,10
jrnd,30,6,5,mwr,p,17,3770,83.5544,PREF,10
jrnd,30,6,5,mwr,p,18,3740,81.2834,PREF,10
jrnd,30,6,5,mwr,p,19,3660,82.7869,PREF,10
jrnd,30,6,5,mwr,p,20,3840,85.9375,PREF,10
jrnd,30,6,5,mwr,p,21,3860,86.5285,PREF,10
jrnd,30,6,5,mwr,p,22,3760,85.6383,PREF,10
jrnd,30,6,5,mwr,p,23,3600,86.9444,PREF,10
jrnd,30,6,5,mwr,p,24,3370,89.0208,PREF,10
jrnd,30,6,5,mwr,p,25,3080,93.5065,PREF,10
jrnd,30,6,5,mwr,p,26,1560,96.9231,PREF,10
jrnd,30,6,5,mwr,p,27,678,96.4602,PREF,10
jrnd,30,6,5,mwr,p,28,228,100.0000,PREF,10
jrnd,30,6,5,mwr,p,29,22,100.0000,PREF,10
jrnd,30,6,5,mwr,a,1,11772,53.8056,PREF,10
jrnd,30,6,5,mwr,a,2,11676,60.8085,PREF,10
jrnd,30,6,5,mwr,a,3,11182,64.9258,PREF,10
jrnd,30,6,5,mwr,a,4,11250,69.3333,PREF,10
jrnd,30,6,5,mwr,a,5,11074,69.0265,PREF,10
jrnd,30,6,5,mwr,a,6,11010,66.0672,PREF,10
jrnd,30,6,5,mwr,a,7,10884,65.8581,PREF,10
jrnd,30,6,5,mwr,a,8,10826,67.7813,PREF,10
jrnd,30,6,5,mwr,a,9,10692,70.9315,PREF,10
jrnd,30,6,5,mwr,a,10,10196,71.5182,PREF,10
jrnd,30,6,5,mwr,a,11,10190,72.8950,PREF,10
jrnd,30,6,5,mwr,a,12,10120,70.2767,PREF,10
jrnd,30,6,5,mwr,a,13,9932,71.2445,PREF,10
jrnd,30,6,5,mwr,a,14,9670,71.0031,PREF,10
jrnd,30,6,5,mwr,a,15,9488,73.8406,PREF,10
jrnd,30,6,5,mwr,a,16,9182,78.0876,PREF,10
jrnd,30,6,5,mwr,a,17,8994,81.3654,PREF,10
jrnd,30,6,5,mwr,a,18,8886,80.2836,PREF,10
jrnd,30,6,5,mwr,a,19,8638,82.7043,PREF,10
jrnd,30,6,5,mwr,a,20,9058,85.0740,PREF,10
jrnd,30,6,5,mwr,a,21,9092,86.1197,PREF,10
jrnd,30,6,5,mwr,a,22,8892,84.9528,PREF,10
jrnd,30,6,5,mwr,a,23,8452,87.6479,PREF,10
jrnd,30,6,5,mwr,a,24,7822,88.9542,PREF,10
jrnd,30,6,5,mwr,a,25,7100,93.5775,PREF,10
jrnd,30,6,5,mwr,a,26,3380,97.2189,PREF,10
jrnd,30,6,5,mwr,a,27,1410,95.8865,PREF,10
jrnd,30,6,5,mwr,a,28,456,100.0000,PREF,10
jrnd,30,6,5,mwr,a,29,44,100.0000,PREF,10
jrnd,30,6,5,cma,b,1,6632,54.0712,PREF,10
jrnd,30,6,5,cma,b,2,6778,63.1750,PREF,10
jrnd,30,6,5,cma,b,3,6918,64.9899,PREF,10
jrnd,30,6,5,cma,b,4,7040,62.2443,PREF,10
jrnd,30,6,5,cma,b,5,7090,59.5487,PREF,10
jrnd,30,6,5,cma,b,6,6930,62.3377,PREF,10
jrnd,30,6,5,cma,b,7,6604,64.8395,PREF,10
jrnd,30,6,5,cma,b,8,6634,62.2249,PREF,10
jrnd,30,6,5,cma,b,9,6520,61.4110,PREF,10
jrnd,30,6,5,cma,b,10,6194,60.3810,PREF,10
jrnd,30,6,5,cma,b,11,6054,62.5702,PREF,10
jrnd,30,6,5,cma,b,12,5924,62.7616,PREF,10
jrnd,30,6,5,cma,b,13,5770,62.6690,PREF,10
jrnd,30,6,5,cma,b,14,5514,64.1277,PREF,10
jrnd,30,6,5,cma,b,15,5552,66.7867,PREF,10
jrnd,30,6,5,cma,b,16,5334,68.1290,PREF,10
jrnd,30,6,5,cma,b,17,5180,67.0270,PREF,10
jrnd,30,6,5,cma,b,18,4932,69.0998,PREF,10
jrnd,30,6,5,cma,b,19,4680,72.0085,PREF,10
jrnd,30,6,5,cma,b,20,4598,75.1631,PREF,10
jrnd,30,6,5,cma,b,21,4416,78.2156,PREF,10
jrnd,30,6,5,cma,b,22,3972,80.3625,PREF,10
jrnd,30,6,5,cma,b,23,3598,81.7676,PREF,10
jrnd,30,6,5,cma,b,24,3024,84.8545,PREF,10
jrnd,30,6,5,cma,b,25,2174,89.6044,PREF,10
jrnd,30,6,5,cma,b,26,1318,93.7785,PREF,10
jrnd,30,6,5,cma,b,27,564,96.4539,PREF,10
jrnd,30,6,5,cma,b,28,152,100.0000,PREF,10
jrnd,30,6,5,cma,b,29,16,100.0000,PREF,10
jrnd,30,6,5,cma,f,1,5140,57.6265,PREF,10
jrnd,30,6,5,cma,f,2,5130,64.3665,PREF,10
jrnd,30,6,5,cma,f,3,5116,66.3018,PREF,10
jrnd,30,6,5,cma,f,4,5198,63.0627,PREF,10
jrnd,30,6,5,cma,f,5,5244,61.1365,PREF,10
jrnd,30,6,5,cma,f,6,5188,66.0370,PREF,10
jrnd,30,6,5,cma,f,7,5040,62.7381,PREF,10
jrnd,30,6,5,cma,f,8,5028,60.5012,PREF,10
jrnd,30,6,5,cma,f,9,4946,60.6146,PREF,10
jrnd,30,6,5,cma,f,10,4786,64.3962,PREF,10
jrnd,30,6,5,cma,f,11,4700,63.7021,PREF,10
jrnd,30,6,5,cma,f,12,4692,57.5448,PREF,10
jrnd,30,6,5,cma,f,13,4534,61.9321,PREF,10
jrnd,30,6,5,cma,f,14,4414,66.9234,PREF,10
jrnd,30,6,5,cma,f,15,4348,69.7792,PREF,10
jrnd,30,6,5,cma,f,16,4310,68.5383,PREF,10
jrnd,30,6,5,cma,f,17,4186,68.2274,PREF,10
jrnd,30,6,5,cma,f,18,4040,67.7228,PREF,10
jrnd,30,6,5,cma,f,19,3834,71.4137,PREF,10
jrnd,30,6,5,cma,f,20,3880,76.5979,PREF,10
jrnd,30,6,5,cma,f,21,3650,79.7808,PREF,10
jrnd,30,6,5,cma,f,22,3318,82.2785,PREF,10
jrnd,30,6,5,cma,f,23,3090,83.4304,PREF,10
jrnd,30,6,5,cma,f,24,2676,84.7534,PREF,10
jrnd,30,6,5,cma,f,25,2072,86.9691,PREF,10
jrnd,30,6,5,cma,f,26,1272,95.4403,PREF,10
jrnd,30,6,5,cma,f,27,562,96.7972,PREF,10
jrnd,30,6,5,cma,f,28,152,100.0000,PREF,10
jrnd,30,6,5,cma,f,29,16,100.0000,PREF,10
jrnd,30,6,5,cma,p,1,4550,57.1429,PREF,10
jrnd,30,6,5,cma,p,2,4580,64.1921,PREF,10
jrnd,30,6,5,cma,p,3,4650,66.6667,PREF,10
jrnd,30,6,5,cma,p,4,4680,64.5299,PREF,10
jrnd,30,6,5,cma,p,5,4650,61.0753,PREF,10
jrnd,30,6,5,cma,p,6,4610,65.9436,PREF,10
jrnd,30,6,5,cma,p,7,4510,62.7494,PREF,10
jrnd,30,6,5,cma,p,8,4550,60.6593,PREF,10
jrnd,30,6,5,cma,p,9,4440,63.5135,PREF,10
jrnd,30,6,5,cma,p,10,4290,65.2681,PREF,10
jrnd,30,6,5,cma,p,11,4250,63.0588,PREF,10
jrnd,30,6,5,cma,p,12,4280,58.4112,PREF,10
jrnd,30,6,5,cma,p,13,4070,61.4251,PREF,10
jrnd,30,6,5,cma,p,14,4020,66.4179,PREF,10
jrnd,30,6,5,cma,p,15,4026,69.4983,PREF,10
jrnd,30,6,5,cma,p,16,3950,69.4177,PREF,10
jrnd,30,6,5,cma,p,17,3898,69.7794,PREF,10
jrnd,30,6,5,cma,p,18,3774,66.5607,PREF,10
jrnd,30,6,5,cma,p,19,3592,71.1581,PREF,10
jrnd,30,6,5,cma,p,20,3708,76.6451,PREF,10
jrnd,30,6,5,cma,p,21,3506,79.5779,PREF,10
jrnd,30,6,5,cma,p,22,3254,81.7455,PREF,10
jrnd,30,6,5,cma,p,23,3058,83.7148,PREF,10
jrnd,30,6,5,cma,p,24,2666,85.0713,PREF,10
jrnd,30,6,5,cma,p,25,2066,86.9313,PREF,10
jrnd,30,6,5,cma,p,26,1272,95.4403,PREF,10
jrnd,30,6,5,cma,p,27,562,96.7972,PREF,10
jrnd,30,6,5,cma,p,28,152,100.0000,PREF,10
jrnd,30,6,5,cma,p,29,16,100.0000,PREF,10
jrnd,30,6,5,cma,a,1,11772,53.8056,PREF,10
jrnd,30,6,5,cma,a,2,11908,63.0668,PREF,10
jrnd,30,6,5,cma,a,3,12034,65.5310,PREF,10
jrnd,30,6,5,cma,a,4,12238,62.4612,PREF,10
jrnd,30,6,5,cma,a,5,12334,59.4454,PREF,10
jrnd,30,6,5,cma,a,6,12118,64.1525,PREF,10
jrnd,30,6,5,cma,a,7,11644,64.3078,PREF,10
jrnd,30,6,5,cma,a,8,11662,60.7614,PREF,10
jrnd,30,6,5,cma,a,9,11466,62.0792,PREF,10
jrnd,30,6,5,cma,a,10,10980,61.9308,PREF,10
jrnd,30,6,5,cma,a,11,10754,63.4555,PREF,10
jrnd,30,6,5,cma,a,12,10616,60.8327,PREF,10
jrnd,30,6,5,cma,a,13,10304,61.6848,PREF,10
jrnd,30,6,5,cma,a,14,9928,63.7792,PREF,10
jrnd,30,6,5,cma,a,15,9900,68.1414,PREF,10
jrnd,30,6,5,cma,a,16,9644,68.3326,PREF,10
jrnd,30,6,5,cma,a,17,9366,67.6062,PREF,10
jrnd,30,6,5,cma,a,18,8972,68.3683,PREF,10
jrnd,30,6,5,cma,a,19,8514,72.3984,PREF,10
jrnd,30,6,5,cma,a,20,8478,75.9141,PREF,10
jrnd,30,6,5,cma,a,21,8066,79.0974,PREF,10
jrnd,30,6,5,cma,a,22,7290,81.2071,PREF,10
jrnd,30,6,5,cma,a,23,6688,82.4163,PREF,10
jrnd,30,6,5,cma,a,24,5700,84.7018,PREF,10
jrnd,30,6,5,cma,a,25,4246,87.9887,PREF,10
jrnd,30,6,5,cma,a,26,2590,94.5174,PREF,10
jrnd,30,6,5,cma,a,27,1126,96.0924,PREF,10
jrnd,30,6,5,cma,a,28,304,100.0000,PREF,10
jrnd,30,6,5,cma,a,29,32,100.0000,PREF,10
jrnd,30,6,5,rnd,b,1,6632,54.0712,PREF,10
jrnd,30,6,5,rnd,b,2,6548,62.0953,PREF,10
jrnd,30,6,5,rnd,b,3,6536,65.2387,PREF,10
jrnd,30,6,5,rnd,b,4,6258,67.1461,PREF,10
jrnd,30,6,5,rnd,b,5,6276,69.0249,PREF,10
jrnd,30,6,5,rnd,b,6,5970,68.8107,PREF,10
jrnd,30,6,5,rnd,b,7,5894,69.0533,PREF,10
jrnd,30,6,5,rnd,b,8,5770,70.5026,PREF,10
jrnd,30,6,5,rnd,b,9,5520,70.9783,PREF,10
jrnd,30,6,5,rnd,b,10,5352,72.1973,PREF,10
jrnd,30,6,5,rnd,b,11,5114,73.9147,PREF,10
jrnd,30,6,5,rnd,b,12,4900,74.1224,PREF,10
jrnd,30,6,5,rnd,b,13,4838,75.4444,PREF,10
jrnd,30,6,5,rnd,b,14,4538,75.1432,PREF,10
jrnd,30,6,5,rnd,b,15,4406,75.6241,PREF,10
jrnd,30,6,5,rnd,b,16,3908,75.4862,PREF,10
jrnd,30,6,5,rnd,b,17,3674,78.7153,PREF,10
jrnd,30,6,5,rnd,b,18,3326,79.2544,PREF,10
jrnd,30,6,5,rnd,b,19,2946,79.0224,PREF,10
jrnd,30,6,5,rnd,b,20,2594,80.5705,PREF,10
jrnd,30,6,5,rnd,b,21,2118,79.0368,PREF,10
jrnd,30,6,5,rnd,b,22,1768,81.6742,PREF,10
jrnd,30,6,5,rnd,b,23,1386,84.9928,PREF,10
jrnd,30,6,5,rnd,b,24,998,86.7735,PREF,10
jrnd,30,6,5,rnd,b,25,754,87.7984,PREF,10
jrnd,30,6,5,rnd,b,26,464,93.1034,PREF,10
jrnd,30,6,5,rnd,b,27,266,92.4812,PREF,10
jrnd,30,6,5,rnd,b,28,104,98.0769,PREF,10
jrnd,30,6,5,rnd,b,29,20,100.0000,PREF,10
jrnd,30,6,5,rnd,f,1,5140,57.6265,PREF,10
jrnd,30,6,5,rnd,f,2,5106,61.9663,PREF,10
jrnd,30,6,5,rnd,f,3,5084,65.0669,PREF,10
jrnd,30,6,5,rnd,f,4,4856,67.9572,PREF,10
jrnd,30,6,5,rnd,f,5,4950,68.8485,PREF,10
jrnd,30,6,5,rnd,f,6,4714,65.3373,PREF,10
jrnd,30,6,5,rnd,f,7,4706,67.3608,PREF,10
jrnd,30,6,5,rnd,f,8,4580,64.8908,PREF,10
jrnd,30,6,5,rnd,f,9,4324,72.1092,PREF,10
jrnd,30,6,5,rnd,f,10,4214,70.5743,PREF,10
jrnd,30,6,5,rnd,f,11,4080,73.1863,PREF,10
jrnd,30,6,5,rnd,f,12,3914,71.0782,PREF,10
jrnd,30,6,5,rnd,f,13,3914,73.7353,PREF,10
jrnd,30,6,5,rnd,f,14,3672,74.0196,PREF,10
jrnd,30,6,5,rnd,f,15,3570,73.6695,PREF,10
jrnd,30,6,5,rnd,f,16,3192,77.5063,PREF,10
jrnd,30,6,5,rnd,f,17,2998,77.1848,PREF,10
jrnd,30,6,5,rnd,f,18,2806,81.9672,PREF,10
jrnd,30,6,5,rnd,f,19,2516,79.4118,PREF,10
jrnd,30,6,5,rnd,f,20,2292,81.0646,PREF,10
jrnd,30,6,5,rnd,f,21,1836,79.3028,PREF,10
jrnd,30,6,5,rnd,f,22,1608,83.0846,PREF,10
jrnd,30,6,5,rnd,f,23,1280,85.1562,PREF,10
jrnd,30,6,5,rnd,f,24,948,86.7089,PREF,10
jrnd,30,6,5,rnd,f,25,740,89.1892,PREF,10
jrnd,30,6,5,rnd,f,26,458,96.0699,PREF,10
jrnd,30,6,5,rnd,f,27,264,100.0000,PREF,10
jrnd,30,6,5,rnd,f,28,104,98.0769,PREF,10
jrnd,30,6,5,rnd,f,29,20,100.0000,PREF,10
jrnd,30,6,5,rnd,p,1,4550,57.1429,PREF,10
jrnd,30,6,5,rnd,p,2,4470,63.3110,PREF,10
jrnd,30,6,5,rnd,p,3,4500,65.1111,PREF,10
jrnd,30,6,5,rnd,p,4,4380,67.8082,PREF,10
jrnd,30,6,5,rnd,p,5,4290,68.5315,PREF,10
jrnd,30,6,5,rnd,p,6,4190,66.8258,PREF,10
jrnd,30,6,5,rnd,p,7,4240,66.0377,PREF,10
jrnd,30,6,5,rnd,p,8,4184,65.9178,PREF,10
jrnd,30,6,5,rnd,p,9,4014,71.5496,PREF,10
jrnd,30,6,5,rnd,p,10,3910,71.0486,PREF,10
jrnd,30,6,5,rnd,p,11,3734,72.4156,PREF,10
jrnd,30,6,5,rnd,p,12,3580,70.7263,PREF,10
jrnd,30,6,5,rnd,p,13,3590,74.8747,PREF,10
jrnd,30,6,5,rnd,p,14,3424,74.0070,PREF,10
jrnd,30,6,5,rnd,p,15,3342,74.0275,PREF,10
jrnd,30,6,5,rnd,p,16,3000,77.2667,PREF,10
jrnd,30,6,5,rnd,p,17,2862,77.2187,PREF,10
jrnd,30,6,5,rnd,p,18,2730,81.4652,PREF,10
jrnd,30,6,5,rnd,p,19,2412,79.0216,PREF,10
jrnd,30,6,5,rnd,p,20,2204,80.9437,PREF,10
jrnd,30,6,5,rnd,p,21,1786,79.1713,PREF,10
jrnd,30,6,5,rnd,p,22,1586,84.1110,PREF,10
jrnd,30,6,5,rnd,p,23,1262,85.2615,PREF,10
jrnd,30,6,5,rnd,p,24,938,86.9936,PREF,10
jrnd,30,6,5,rnd,p,25,730,90.4110,PREF,10
jrnd,30,6,5,rnd,p,26,458,96.0699,PREF,10
jrnd,30,6,5,rnd,p,27,264,100.0000,PREF,10
jrnd,30,6,5,rnd,p,28,104,98.0769,PREF,10
jrnd,30,6,5,rnd,p,29,20,100.0000,PREF,10
jrnd,30,6,5,rnd,a,1,11772,53.8056,PREF,10
jrnd,30,6,5,rnd,a,2,11654,61.1807,PREF,10
jrnd,30,6,5,rnd,a,3,11620,65.3184,PREF,10
jrnd,30,6,5,rnd,a,4,11114,65.8989,PREF,10
jrnd,30,6,5,rnd,a,5,11226,68.9471,PREF,10
jrnd,30,6,5,rnd,a,6,10684,67.7462,PREF,10
jrnd,30,6,5,rnd,a,7,10600,68.0000,PREF,10
jrnd,30,6,5,rnd,a,8,10350,67.3623,PREF,10
jrnd,30,6,5,rnd,a,9,9844,71.3734,PREF,10
jrnd,30,6,5,rnd,a,10,9566,72.0468,PREF,10
jrnd,30,6,5,rnd,a,11,9194,72.6561,PREF,10
jrnd,30,6,5,rnd,a,12,8814,72.7025,PREF,10
jrnd,30,6,5,rnd,a,13,8752,74.3830,PREF,10
jrnd,30,6,5,rnd,a,14,8210,74.2996,PREF,10
jrnd,30,6,5,rnd,a,15,7976,73.5456,PREF,10
jrnd,30,6,5,rnd,a,16,7100,76.7042,PREF,10
jrnd,30,6,5,rnd,a,17,6672,77.6679,PREF,10
jrnd,30,6,5,rnd,a,18,6132,79.9087,PREF,10
jrnd,30,6,5,rnd,a,19,5462,79.8609,PREF,10
jrnd,30,6,5,rnd,a,20,4886,80.6386,PREF,10
jrnd,30,6,5,rnd,a,21,3954,79.2615,PREF,10
jrnd,30,6,5,rnd,a,22,3376,82.5829,PREF,10
jrnd,30,6,5,rnd,a,23,2666,85.3713,PREF,10
jrnd,30,6,5,rnd,a,24,1946,86.1254,PREF,10
jrnd,30,6,5,rnd,a,25,1494,87.9518,PREF,10
jrnd,30,6,5,rnd,a,26,922,94.1432,PREF,10
jrnd,30,6,5,rnd,a,27,530,96.6038,PREF,10
jrnd,30,6,5,rnd,a,28,208,98.0769,PREF,10
jrnd,30,6,5,rnd,a,29,40,100.0000,PREF,10
jrnd,30,6,5,all,b,1,13264,54.2521,PREF,10
jrnd,30,6,5,all,b,2,13562,59.9617,PREF,10
jrnd,30,6,5,all,b,3,13536,63.0910,PREF,10
jrnd,30,6,5,all,b,4,13520,63.7574,PREF,10
jrnd,30,6,5,all,b,5,13380,64.8132,PREF,10
jrnd,30,6,5,all,b,6,13618,64.2532,PREF,10
jrnd,30,6,5,all,b,7,13624,63.7992,PREF,10
jrnd,30,6,5,all,b,8,13666,65.5934,PREF,10
jrnd,30,6,5,all,b,9,13668,67.6178,PREF,10
jrnd,30,6,5,all,b,10,13326,68.2425,PREF,10
jrnd,30,6,5,all,b,11,13232,68.1378,PREF,10
jrnd,30,6,5,all,b,12,13132,68.0323,PREF,10
jrnd,30,6,5,all,b,13,12844,69.4799,PREF,10
jrnd,30,6,5,all,b,14,12640,70.6646,PREF,10
jrnd,30,6,5,all,b,15,12376,72.6729,PREF,10
jrnd,30,6,5,all,b,16,11974,74.5114,PREF,10
jrnd,30,6,5,all,b,17,11668,76.2770,PREF,10
jrnd,30,6,5,all,b,18,11342,76.6531,PREF,10
jrnd,30,6,5,all,b,19,10794,78.3398,PREF,10
jrnd,30,6,5,all,b,20,10570,81.5516,PREF,10
jrnd,30,6,5,all,b,21,10094,82.4054,PREF,10
jrnd,30,6,5,all,b,22,9446,82.6593,PREF,10
jrnd,30,6,5,all,b,23,8522,85.3790,PREF,10
jrnd,30,6,5,all,b,24,7542,87.3508,PREF,10
jrnd,30,6,5,all,b,25,6374,90.5554,PREF,10
jrnd,30,6,5,all,b,26,3562,92.8692,PREF,10
jrnd,30,6,5,all,b,27,1802,94.2286,PREF,10
jrnd,30,6,5,all,b,28,718,99.7214,PREF,10
jrnd,30,6,5,all,b,29,128,100.0000,PREF,10
jrnd,30,6,5,all,f,1,10280,57.6654,PREF,10
jrnd,30,6,5,all,f,2,10528,61.2082,PREF,10
jrnd,30,6,5,all,f,3,10474,63.2041,PREF,10
jrnd,30,6,5,all,f,4,10424,64.9079,PREF,10
jrnd,30,6,5,all,f,5,10308,65.0757,PREF,10
jrnd,30,6,5,all,f,6,10198,64.3656,PREF,10
jrnd,30,6,5,all,f,7,10220,62.7202,PREF,10
jrnd,30,6,5,all,f,8,10290,65.6560,PREF,10
jrnd,30,6,5,all,f,9,10260,67.6413,PREF,10
jrnd,30,6,5,all,f,10,9950,69.9296,PREF,10
jrnd,30,6,5,all,f,11,9882,68.4477,PREF,10
jrnd,30,6,5,all,f,12,9824,66.8160,PREF,10
jrnd,30,6,5,all,f,13,9534,69.1840,PREF,10
jrnd,30,6,5,all,f,14,9422,70.1337,PREF,10
jrnd,30,6,5,all,f,15,9170,74.7219,PREF,10
jrnd,30,6,5,all,f,16,9022,73.7974,PREF,10
jrnd,30,6,5,all,f,17,8870,78.6246,PREF,10
jrnd,30,6,5,all,f,18,8696,75.5060,PREF,10
jrnd,30,6,5,all,f,19,8480,78.8679,PREF,10
jrnd,30,6,5,all,f,20,8372,82.6087,PREF,10
jrnd,30,6,5,all,f,21,8012,82.1268,PREF,10
jrnd,30,6,5,all,f,22,7516,81.7722,PREF,10
jrnd,30,6,5,all,f,23,6906,85.5778,PREF,10
jrnd,30,6,5,all,f,24,6186,85.8713,PREF,10
jrnd,30,6,5,all,f,25,5272,89.0364,PREF,10
jrnd,30,6,5,all,f,26,3220,92.4845,PREF,10
jrnd,30,6,5,all,f,27,1740,95.6322,PREF,10
jrnd,30,6,5,all,f,28,718,99.4429,PREF,10
jrnd,30,6,5,all,f,29,128,100.0000,PREF,10
jrnd,30,6,5,all,p,1,9100,57.1429,PREF,10
jrnd,30,6,5,all,p,2,9160,60.9170,PREF,10
jrnd,30,6,5,all,p,3,9150,63.1694,PREF,10
jrnd,30,6,5,all,p,4,9160,64.8472,PREF,10
jrnd,30,6,5,all,p,5,9110,65.0933,PREF,10
jrnd,30,6,5,all,p,6,9120,63.2675,PREF,10
jrnd,30,6,5,all,p,7,9130,62.9792,PREF,10
jrnd,30,6,5,all,p,8,9188,65.4114,PREF,10
jrnd,30,6,5,all,p,9,9148,68.1898,PREF,10
jrnd,30,6,5,all,p,10,9032,70.1063,PREF,10
jrnd,30,6,5,all,p,11,8924,69.1170,PREF,10
jrnd,30,6,5,all,p,12,8890,67.1316,PREF,10
jrnd,30,6,5,all,p,13,8730,69.2784,PREF,10
jrnd,30,6,5,all,p,14,8626,70.4150,PREF,10
jrnd,30,6,5,all,p,15,8472,74.6695,PREF,10
jrnd,30,6,5,all,p,16,8360,73.9474,PREF,10
jrnd,30,6,5,all,p,17,8284,78.8749,PREF,10
jrnd,30,6,5,all,p,18,8094,75.5374,PREF,10
jrnd,30,6,5,all,p,19,7882,78.8125,PREF,10
jrnd,30,6,5,all,p,20,7860,82.3155,PREF,10
jrnd,30,6,5,all,p,21,7592,82.1128,PREF,10
jrnd,30,6,5,all,p,22,7174,82.0184,PREF,10
jrnd,30,6,5,all,p,23,6632,85.6755,PREF,10
jrnd,30,6,5,all,p,24,6012,86.0612,PREF,10
jrnd,30,6,5,all,p,25,5204,89.0085,PREF,10
jrnd,30,6,5,all,p,26,3194,92.5485,PREF,10
jrnd,30,6,5,all,p,27,1736,95.6221,PREF,10
jrnd,30,6,5,all,p,28,718,99.4429,PREF,10
jrnd,30,6,5,all,p,29,128,100.0000,PREF,10
jrnd,30,6,5,all,a,1,47088,53.8056,PREF,10
jrnd,30,6,5,all,a,2,48138,61.8430,PREF,10
jrnd,30,6,5,all,a,3,47484,63.5288,PREF,10
jrnd,30,6,5,all,a,4,46754,63.8320,PREF,10
jrnd,30,6,5,all,a,5,46304,63.4632,PREF,10
jrnd,30,6,5,all,a,6,42274,62.9796,PREF,10
jrnd,30,6,5,all,a,7,41764,63.4518,PREF,10
jrnd,30,6,5,all,a,8,41116,64.0821,PREF,10
jrnd,30,6,5,all,a,9,41194,65.7863,PREF,10
jrnd,30,6,5,all,a,10,40480,67.1542,PREF,10
jrnd,30,6,5,all,a,11,36588,65.6554,PREF,10
jrnd,30,6,5,all,a,12,36088,65.5453,PREF,10
jrnd,30,6,5,all,a,13,35606,66.5169,PREF,10
jrnd,30,6,5,all,a,14,35042,69.0029,PREF,10
jrnd,30,6,5,all,a,15,34752,71.2074,PREF,10
jrnd,30,6,5,all,a,16,31688,71.4782,PREF,10
jrnd,30,6,5,all,a,17,30944,73.9529,PREF,10
jrnd,30,6,5,all,a,18,30114,73.8925,PREF,10
jrnd,30,6,5,all,a,19,29012,76.4029,PREF,10
jrnd,30,6,5,all,a,20,28860,79.3902,PREF,10
jrnd,30,6,5,all,a,21,26396,80.9820,PREF,10
jrnd,30,6,5,all,a,22,24436,81.8383,PREF,10
jrnd,30,6,5,all,a,23,22344,84.7297,PREF,10
jrnd,30,6,5,all,a,24,19712,85.9984,PREF,10
jrnd,30,6,5,all,a,25,16216,89.5535,PREF,10
jrnd,30,6,5,all,a,26,9372,92.9577,PREF,10
jrnd,30,6,5,all,a,27,4668,95.2442,PREF,10
jrnd,30,6,5,all,a,28,1740,99.5402,PREF,10
jrnd,30,6,5,all,a,29,288,100.0000,PREF,10
jrndn,30,6,5,opt,b,1,6732,53.4462,PREF,10
jrndn,30,6,5,opt,b,2,7092,57.1066,PREF,10
jrndn,30,6,5,opt,b,3,7216,59.7561,PREF,10
jrndn,30,6,5,opt,b,4,7456,61.0783,PREF,10
jrndn,30,6,5,opt,b,5,7412,62.1695,PREF,10
jrndn,30,6,5,opt,b,6,7518,62.3038,PREF,10
jrndn,30,6,5,opt,b,7,7480,62.8610,PREF,10
jrndn,30,6,5,opt,b,8,7484,63.9230,PREF,10
jrndn,30,6,5,opt,b,9,7588,66.5261,PREF,10
jrndn,30,6,5,opt,b,10,7536,66.9851,PREF,10
jrndn,30,6,5,opt,b,11,7502,68.0619,PREF,10
jrndn,30,6,5,opt,b,12,7392,68.5877,PREF,10
jrndn,30,6,5,opt,b,13,7284,69.2751,PREF,10
jrndn,30,6,5,opt,b,14,7236,70.7020,PREF,10
jrndn,30,6,5,opt,b,15,7156,72.9737,PREF,10
jrndn,30,6,5,opt,b,16,6932,73.6872,PREF,10
jrndn,30,6,5,opt,b,17,6728,72.7111,PREF,10
jrndn,30,6,5,opt,b,18,6536,73.4088,PREF,10
jrndn,30,6,5,opt,b,19,6112,74.7055,PREF,10
jrndn,30,6,5,opt,b,20,5702,76.4293,PREF,10
jrndn,30,6,5,opt,b,21,5320,78.2331,PREF,10
jrndn,30,6,5,opt,b,22,4644,80.0603,PREF,10
jrndn,30,6,5,opt,b,23,3910,83.7852,PREF,10
jrndn,30,6,5,opt,b,24,3236,84.5488,PREF,10
jrndn,30,6,5,opt,b,25,2482,86.4625,PREF,10
jrndn,30,6,5,opt,b,26,1826,90.1424,PREF,10
jrndn,30,6,5,opt,b,27,1066,94.3715,PREF,10
jrndn,30,6,5,opt,b,28,456,97.3684,PREF,10
jrndn,30,6,5,opt,b,29,110,100.0000,PREF,10
jrndn,30,6,5,opt,f,1,5188,52.7371,PREF,10
jrndn,30,6,5,opt,f,2,5360,57.8358,PREF,10
jrndn,30,6,5,opt,f,3,5426,59.0490,PREF,10
jrndn,30,6,5,opt,f,4,5522,60.0507,PREF,10
jrndn,30,6,5,opt,f,5,5456,61.7669,PREF,10
jrndn,30,6,5,opt,f,6,5492,63.9476,PREF,10
jrndn,30,6,5,opt,f,7,5492,60.5972,PREF,10
jrndn,30,6,5,opt,f,8,5410,63.5490,PREF,10
jrndn,30,6,5,opt,f,9,5394,64.6274,PREF,10
jrndn,30,6,5,opt,f,10,5444,67.8178,PREF,10
jrndn,30,6,5,opt,f,11,5376,66.5551,PREF,10
jrndn,30,6,5,opt,f,12,5312,68.7500,PREF,10
jrndn,30,6,5,opt,f,13,5228,69.7781,PREF,10
jrndn,30,6,5,opt,f,14,5170,71.0638,PREF,10
jrndn,30,6,5,opt,f,15,5154,70.7412,PREF,10
jrndn,30,6,5,opt,f,16,4996,72.8983,PREF,10
jrndn,30,6,5,opt,f,17,4924,74.0861,PREF,10
jrndn,30,6,5,opt,f,18,4806,73.8660,PREF,10
jrndn,30,6,5,opt,f,19,4500,74.7111,PREF,10
jrndn,30,6,5,opt,f,20,4306,76.0334,PREF,10
jrndn,30,6,5,opt,f,21,4098,77.4524,PREF,10
jrndn,30,6,5,opt,f,22,3704,78.7257,PREF,10
jrndn,30,6,5,opt,f,23,3220,81.0559,PREF,10
jrndn,30,6,5,opt,f,24,2758,83.9014,PREF,10
jrndn,30,6,5,opt,f,25,2224,85.7014,PREF,10
jrndn,30,6,5,opt,f,26,1722,89.3148,PREF,10
jrndn,30,6,5,opt,f,27,1054,93.9279,PREF,10
jrndn,30,6,5,opt,f,28,456,99.1228,PREF,10
jrndn,30,6,5,opt,f,29,110,100.0000,PREF,10
jrndn,30,6,5,opt,p,1,4580,51.9651,PREF,10
jrndn,30,6,5,opt,p,2,4710,57.9618,PREF,10
jrndn,30,6,5,opt,p,3,4780,59.2050,PREF,10
jrndn,30,6,5,opt,p,4,4820,60.1660,PREF,10
jrndn,30,6,5,opt,p,5,4770,61.2159,PREF,10
jrndn,30,6,5,opt,p,6,4850,64.1237,PREF,10
jrndn,30,6,5,opt,p,7,4800,61.0417,PREF,10
jrndn,30,6,5,opt,p,8,4808,62.3960,PREF,10
jrndn,30,6,5,opt,p,9,4856,64.4563,PREF,10
jrndn,30,6,5,opt,p,10,4852,68.2193,PREF,10
jrndn,30,6,5,opt,p,11,4850,67.0928,PREF,10
jrndn,30,6,5,opt,p,12,4800,69.4167,PREF,10
jrndn,30,6,5,opt,p,13,4732,69.9493,PREF,10
jrndn,30,6,5,opt,p,14,4730,71.7970,PREF,10
jrndn,30,6,5,opt,p,15,4682,69.5002,PREF,10
jrndn,30,6,5,opt,p,16,4590,72.5926,PREF,10
jrndn,30,6,5,opt,p,17,4544,73.4155,PREF,10
jrndn,30,6,5,opt,p,18,4468,73.6795,PREF,10
jrndn,30,6,5,opt,p,19,4240,75.1415,PREF,10
jrndn,30,6,5,opt,p,20,4094,76.2091,PREF,10
jrndn,30,6,5,opt,p,21,3872,76.7045,PREF,10
jrndn,30,6,5,opt,p,22,3542,79.1078,PREF,10
jrndn,30,6,5,opt,p,23,3114,81.1175,PREF,10
jrndn,30,6,5,opt,p,24,2700,83.7778,PREF,10
jrndn,30,6,5,opt,p,25,2178,85.7668,PREF,10
jrndn,30,6,5,opt,p,26,1710,89.2398,PREF,10
jrndn,30,6,5,opt,p,27,1054,93.9279,PREF,10
jrndn,30,6,5,opt,p,28,456,99.1228,PREF,10
jrndn,30,6,5,opt,p,29,110,100.0000,PREF,10
jrndn,30,6,5,opt,a,1,11920,52.9698,PREF,10
jrndn,30,6,5,opt,a,2,12452,57.5169,PREF,10
jrndn,30,6,5,opt,a,3,12642,59.4368,PREF,10
jrndn,30,6,5,opt,a,4,12978,60.2250,PREF,10
jrndn,30,6,5,opt,a,5,12868,62.2941,PREF,10
jrndn,30,6,5,opt,a,6,13010,62.0753,PREF,10
jrndn,30,6,5,opt,a,7,12972,61.7484,PREF,10
jrndn,30,6,5,opt,a,8,12894,62.5717,PREF,10
jrndn,30,6,5,opt,a,9,12982,65.9220,PREF,10
jrndn,30,6,5,opt,a,10,12980,67.2727,PREF,10
jrndn,30,6,5,opt,a,11,12878,67.5571,PREF,10
jrndn,30,6,5,opt,a,12,12704,69.0649,PREF,10
jrndn,30,6,5,opt,a,13,12512,69.6132,PREF,10
jrndn,30,6,5,opt,a,14,12406,71.6105,PREF,10
jrndn,30,6,5,opt,a,15,12310,72.5264,PREF,10
jrndn,30,6,5,opt,a,16,11928,73.1221,PREF,10
jrndn,30,6,5,opt,a,17,11652,73.0003,PREF,10
jrndn,30,6,5,opt,a,18,11342,73.3557,PREF,10
jrndn,30,6,5,opt,a,19,10612,74.7644,PREF,10
jrndn,30,6,5,opt,a,20,10008,76.1391,PREF,10
jrndn,30,6,5,opt,a,21,9418,78.2119,PREF,10
jrndn,30,6,5,opt,a,22,8348,78.9890,PREF,10
jrndn,30,6,5,opt,a,23,7130,83.1697,PREF,10
jrndn,30,6,5,opt,a,24,5994,83.4835,PREF,10
jrndn,30,6,5,opt,a,25,4706,85.7204,PREF,10
jrndn,30,6,5,opt,a,26,3548,89.5152,PREF,10
jrndn,30,6,5,opt,a,27,2120,93.9623,PREF,10
jrndn,30,6,5,opt,a,28,912,98.4649,PREF,10
jrndn,30,6,5,opt,a,29,220,100.0000,PREF,10
jrndn,30,6,5,mwr,b,1,6732,53.4462,PREF,10
jrndn,30,6,5,mwr,b,2,6472,59.2707,PREF,10
jrndn,30,6,5,mwr,b,3,6434,63.1644,PREF,10
jrndn,30,6,5,mwr,b,4,6288,65.7761,PREF,10
jrndn,30,6,5,mwr,b,5,6104,67.0708,PREF,10
jrndn,30,6,5,mwr,b,6,6150,64.7805,PREF,10
jrndn,30,6,5,mwr,b,7,6380,66.7085,PREF,10
jrndn,30,6,5,mwr,b,8,6106,68.3590,PREF,10
jrndn,30,6,5,mwr,b,9,6022,68.6815,PREF,10
jrndn,30,6,5,mwr,b,10,5842,68.8805,PREF,10
jrndn,30,6,5,mwr,b,11,5586,69.2087,PREF,10
jrndn,30,6,5,mwr,b,12,5504,68.5683,PREF,10
jrndn,30,6,5,mwr,b,13,5652,71.9038,PREF,10
jrndn,30,6,5,mwr,b,14,5502,72.0829,PREF,10
jrndn,30,6,5,mwr,b,15,5148,75.2914,PREF,10
jrndn,30,6,5,mwr,b,16,5244,75.3623,PREF,10
jrndn,30,6,5,mwr,b,17,5426,77.7737,PREF,10
jrndn,30,6,5,mwr,b,18,5164,78.4663,PREF,10
jrndn,30,6,5,mwr,b,19,4992,81.8510,PREF,10
jrndn,30,6,5,mwr,b,20,4872,83.5386,PREF,10
jrndn,30,6,5,mwr,b,21,4624,85.5104,PREF,10
jrndn,30,6,5,mwr,b,22,4628,88.0294,PREF,10
jrndn,30,6,5,mwr,b,23,4588,88.7969,PREF,10
jrndn,30,6,5,mwr,b,24,4344,91.1602,PREF,10
jrndn,30,6,5,mwr,b,25,3890,95.2699,PREF,10
jrndn,30,6,5,mwr,b,26,1900,96.0000,PREF,10
jrndn,30,6,5,mwr,b,27,788,94.9239,PREF,10
jrndn,30,6,5,mwr,b,28,256,98.4375,PREF,10
jrndn,30,6,5,mwr,b,29,42,100.0000,PREF,10
jrndn,30,6,5,mwr,f,1,5188,52.7371,PREF,10
jrndn,30,6,5,mwr,f,2,5050,59.4455,PREF,10
jrndn,30,6,5,mwr,f,3,4984,63.8042,PREF,10
jrndn,30,6,5,mwr,f,4,4862,66.2279,PREF,10
jrndn,30,6,5,mwr,f,5,4846,66.5291,PREF,10
jrndn,30,6,5,mwr,f,6,4872,62.8079,PREF,10
jrndn,30,6,5,mwr,f,7,5000,67.1600,PREF,10
jrndn,30,6,5,mwr,f,8,4802,69.5127,PREF,10
jrndn,30,6,5,mwr,f,9,4714,66.3131,PREF,10
jrndn,30,6,5,mwr,f,10,4666,65.2808,PREF,10
jrndn,30,6,5,mwr,f,11,4500,67.1111,PREF,10
jrndn,30,6,5,mwr,f,12,4368,62.7747,PREF,10
jrndn,30,6,5,mwr,f,13,4600,72.7826,PREF,10
jrndn,30,6,5,mwr,f,14,4488,74.1533,PREF,10
jrndn,30,6,5,mwr,f,15,4190,77.3747,PREF,10
jrndn,30,6,5,mwr,f,16,4216,77.9412,PREF,10
jrndn,30,6,5,mwr,f,17,4350,80.6897,PREF,10
jrndn,30,6,5,mwr,f,18,4056,75.5917,PREF,10
jrndn,30,6,5,mwr,f,19,3948,81.9149,PREF,10
jrndn,30,6,5,mwr,f,20,4004,84.8651,PREF,10
jrndn,30,6,5,mwr,f,21,3748,89.0075,PREF,10
jrndn,30,6,5,mwr,f,22,3718,85.6912,PREF,10
jrndn,30,6,5,mwr,f,23,3694,87.9264,PREF,10
jrndn,30,6,5,mwr,f,24,3558,91.9618,PREF,10
jrndn,30,6,5,mwr,f,25,3110,94.0193,PREF,10
jrndn,30,6,5,mwr,f,26,1644,97.0803,PREF,10
jrndn,30,6,5,mwr,f,27,740,96.7568,PREF,10
jrndn,30,6,5,mwr,f,28,256,100.0000,PREF,10
jrndn,30,6,5,mwr,f,29,42,100.0000,PREF,10
jrndn,30,6,5,mwr,p,1,4580,51.9651,PREF,10
jrndn,30,6,5,mwr,p,2,4430,59.5937,PREF,10
jrndn,30,6,5,mwr,p,3,4430,64.5598,PREF,10
jrndn,30,6,5,mwr,p,4,4350,66.4368,PREF,10
jrndn,30,6,5,mwr,p,5,4320,65.5093,PREF,10
jrndn,30,6,5,mwr,p,6,4360,64.2202,PREF,10
jrndn,30,6,5,mwr,p,7,4400,67.2727,PREF,10
jrndn,30,6,5,mwr,p,8,4320,69.9074,PREF,10
jrndn,30,6,5,mwr,p,9,4210,67.2209,PREF,10
jrndn,30,6,5,mwr,p,10,4210,66.0333,PREF,10
jrndn,30,6,5,mwr,p,11,4060,67.7340,PREF,10
jrndn,30,6,5,mwr,p,12,3950,63.7975,PREF,10
jrndn,30,6,5,mwr,p,13,4080,72.5490,PREF,10
jrndn,30,6,5,mwr,p,14,4010,73.5661,PREF,10
jrndn,30,6,5,mwr,p,15,3800,77.3684,PREF,10
jrndn,30,6,5,mwr,p,16,3900,78.7179,PREF,10
jrndn,30,6,5,mwr,p,17,4000,81.0000,PREF,10
jrndn,30,6,5,mwr,p,18,3840,76.3021,PREF,10
jrndn,30,6,5,mwr,p,19,3760,82.4468,PREF,10
jrndn,30,6,5,mwr,p,20,3730,85.7909,PREF,10
jrndn,30,6,5,mwr,p,21,3540,88.9831,PREF,10
jrndn,30,6,5,mwr,p,22,3560,86.5169,PREF,10
jrndn,30,6,5,mwr,p,23,3510,88.0342,PREF,10
jrndn,30,6,5,mwr,p,24,3420,91.8129,PREF,10
jrndn,30,6,5,mwr,p,25,3000,94.0000,PREF,10
jrndn,30,6,5,mwr,p,26,1608,97.0149,PREF,10
jrndn,30,6,5,mwr,p,27,732,96.7213,PREF,10
jrndn,30,6,5,mwr,p,28,256,100.0000,PREF,10
jrndn,30,6,5,mwr,p,29,42,100.0000,PREF,10
jrndn,30,6,5,mwr,a,1,11920,52.9698,PREF,10
jrndn,30,6,5,mwr,a,2,11522,60.2326,PREF,10
jrndn,30,6,5,mwr,a,3,11418,63.6188,PREF,10
jrndn,30,6,5,mwr,a,4,11150,66.0269,PREF,10
jrndn,30,6,5,mwr,a,5,10950,66.4658,PREF,10
jrndn,30,6,5,mwr,a,6,11022,64.5073,PREF,10
jrndn,30,6,5,mwr,a,7,11380,67.3111,PREF,10
jrndn,30,6,5,mwr,a,8,10908,68.1518,PREF,10
jrndn,30,6,5,mwr,a,9,10736,67.9210,PREF,10
jrndn,30,6,5,mwr,a,10,10508,66.9775,PREF,10
jrndn,30,6,5,mwr,a,11,10086,68.7488,PREF,10
jrndn,30,6,5,mwr,a,12,9872,67.3217,PREF,10
jrndn,30,6,5,mwr,a,13,10252,71.6543,PREF,10
jrndn,30,6,5,mwr,a,14,9990,72.3724,PREF,10
jrndn,30,6,5,mwr,a,15,9338,75.7978,PREF,10
jrndn,30,6,5,mwr,a,16,9460,76.4271,PREF,10
jrndn,30,6,5,mwr,a,17,9776,78.5393,PREF,10
jrndn,30,6,5,mwr,a,18,9220,77.4620,PREF,10
jrndn,30,6,5,mwr,a,19,8940,81.5436,PREF,10
jrndn,30,6,5,mwr,a,20,8876,83.7539,PREF,10
jrndn,30,6,5,mwr,a,21,8372,86.8849,PREF,10
jrndn,30,6,5,mwr,a,22,8346,86.7242,PREF,10
jrndn,30,6,5,mwr,a,23,8282,88.2879,PREF,10
jrndn,30,6,5,mwr,a,24,7902,91.5718,PREF,10
jrndn,30,6,5,mwr,a,25,7000,94.9143,PREF,10
jrndn,30,6,5,mwr,a,26,3544,96.5576,PREF,10
jrndn,30,6,5,mwr,a,27,1528,95.8115,PREF,10
jrndn,30,6,5,mwr,a,28,512,99.2188,PREF,10
jrndn,30,6,5,mwr,a,29,84,100.0000,PREF,10
jrndn,30,6,5,cma,b,1,6732,53.4462,PREF,10
jrndn,30,6,5,cma,b,2,6466,59.6969,PREF,10
jrndn,30,6,5,cma,b,3,6630,62.4434,PREF,10
jrndn,30,6,5,cma,b,4,6710,62.6528,PREF,10
jrndn,30,6,5,cma,b,5,6834,60.9599,PREF,10
jrndn,30,6,5,cma,b,6,6578,62.0857,PREF,10
jrndn,30,6,5,cma,b,7,6340,63.2492,PREF,10
jrndn,30,6,5,cma,b,8,6228,65.9281,PREF,10
jrndn,30,6,5,cma,b,9,6356,68.0617,PREF,10
jrndn,30,6,5,cma,b,10,6358,67.3797,PREF,10
jrndn,30,6,5,cma,b,11,6144,69.2383,PREF,10
jrndn,30,6,5,cma,b,12,5942,71.4911,PREF,10
jrndn,30,6,5,cma,b,13,6046,73.2716,PREF,10
jrndn,30,6,5,cma,b,14,5918,73.7073,PREF,10
jrndn,30,6,5,cma,b,15,5910,76.8866,PREF,10
jrndn,30,6,5,cma,b,16,6112,76.2762,PREF,10
jrndn,30,6,5,cma,b,17,6218,78.6105,PREF,10
jrndn,30,6,5,cma,b,18,6310,81.8700,PREF,10
jrndn,30,6,5,cma,b,19,6164,82.6736,PREF,10
jrndn,30,6,5,cma,b,20,6178,84.5581,PREF,10
jrndn,30,6,5,cma,b,21,6300,85.4286,PREF,10
jrndn,30,6,5,cma,b,22,6116,86.2982,PREF,10
jrndn,30,6,5,cma,b,23,5646,87.8498,PREF,10
jrndn,30,6,5,cma,b,24,5004,88.4892,PREF,10
jrndn,30,6,5,cma,b,25,3988,90.6219,PREF,10
jrndn,30,6,5,cma,b,26,2768,93.5694,PREF,10
jrndn,30,6,5,cma,b,27,1620,95.3086,PREF,10
jrndn,30,6,5,cma,b,28,676,95.8580,PREF,10
jrndn,30,6,5,cma,b,29,154,100.0000,PREF,10
jrndn,30,6,5,cma,f,1,5188,52.7371,PREF,10
jrndn,30,6,5,cma,f,2,5070,60.1578,PREF,10
jrndn,30,6,5,cma,f,3,5180,60.0000,PREF,10
jrndn,30,6,5,cma,f,4,5122,60.0937,PREF,10
jrndn,30,6,5,cma,f,5,5212,60.3991,PREF,10
jrndn,30,6,5,cma,f,6,5104,61.8339,PREF,10
jrndn,30,6,5,cma,f,7,4910,65.0509,PREF,10
jrndn,30,6,5,cma,f,8,4826,67.5093,PREF,10
jrndn,30,6,5,cma,f,9,5040,70.1587,PREF,10
jrndn,30,6,5,cma,f,10,4990,66.4128,PREF,10
jrndn,30,6,5,cma,f,11,4864,70.2714,PREF,10
jrndn,30,6,5,cma,f,12,4642,67.9879,PREF,10
jrndn,30,6,5,cma,f,13,4726,71.6039,PREF,10
jrndn,30,6,5,cma,f,14,4674,74.6256,PREF,10
jrndn,30,6,5,cma,f,15,4644,77.2610,PREF,10
jrndn,30,6,5,cma,f,16,4716,78.0746,PREF,10
jrndn,30,6,5,cma,f,17,4734,78.1158,PREF,10
jrndn,30,6,5,cma,f,18,4690,81.2793,PREF,10
jrndn,30,6,5,cma,f,19,4594,81.4976,PREF,10
jrndn,30,6,5,cma,f,20,4624,81.7474,PREF,10
jrndn,30,6,5,cma,f,21,4694,82.7439,PREF,10
jrndn,30,6,5,cma,f,22,4652,84.3078,PREF,10
jrndn,30,6,5,cma,f,23,4312,87.1058,PREF,10
jrndn,30,6,5,cma,f,24,3938,88.3189,PREF,10
jrndn,30,6,5,cma,f,25,3290,90.2128,PREF,10
jrndn,30,6,5,cma,f,26,2392,91.1371,PREF,10
jrndn,30,6,5,cma,f,27,1514,94.8481,PREF,10
jrndn,30,6,5,cma,f,28,676,95.8580,PREF,10
jrndn,30,6,5,cma,f,29,154,100.0000,PREF,10
jrndn,30,6,5,cma,p,1,4580,51.9651,PREF,10
jrndn,30,6,5,cma,p,2,4440,60.1351,PREF,10
jrndn,30,6,5,cma,p,3,4570,63.0197,PREF,10
jrndn,30,6,5,cma,p,4,4570,59.7374,PREF,10
jrndn,30,6,5,cma,p,5,4650,60.6452,PREF,10
jrndn,30,6,5,cma,p,6,4540,62.3348,PREF,10
jrndn,30,6,5,cma,p,7,4400,65.0000,PREF,10
jrndn,30,6,5,cma,p,8,4340,67.9724,PREF,10
jrndn,30,6,5,cma,p,9,4510,69.4013,PREF,10
jrndn,30,6,5,cma,p,10,4400,67.0455,PREF,10
jrndn,30,6,5,cma,p,11,4350,70.5747,PREF,10
jrndn,30,6,5,cma,p,12,4180,69.6172,PREF,10
jrndn,30,6,5,cma,p,13,4240,71.6981,PREF,10
jrndn,30,6,5,cma,p,14,4220,75.8294,PREF,10
jrndn,30,6,5,cma,p,15,4230,77.7778,PREF,10
jrndn,30,6,5,cma,p,16,4370,77.5744,PREF,10
jrndn,30,6,5,cma,p,17,4400,77.9545,PREF,10
jrndn,30,6,5,cma,p,18,4388,80.9025,PREF,10
jrndn,30,6,5,cma,p,19,4346,81.4082,PREF,10
jrndn,30,6,5,cma,p,20,4352,81.8474,PREF,10
jrndn,30,6,5,cma,p,21,4472,82.5581,PREF,10
jrndn,30,6,5,cma,p,22,4410,84.3537,PREF,10
jrndn,30,6,5,cma,p,23,4072,86.9843,PREF,10
jrndn,30,6,5,cma,p,24,3798,88.4150,PREF,10
jrndn,30,6,5,cma,p,25,3192,90.4762,PREF,10
jrndn,30,6,5,cma,p,26,2342,91.3749,PREF,10
jrndn,30,6,5,cma,p,27,1494,94.7791,PREF,10
jrndn,30,6,5,cma,p,28,676,95.8580,PREF,10
jrndn,30,6,5,cma,p,29,154,100.0000,PREF,10
jrndn,30,6,5,cma,a,1,11920,52.9698,PREF,10
jrndn,30,6,5,cma,a,2,11536,58.9632,PREF,10
jrndn,30,6,5,cma,a,3,11810,61.9306,PREF,10
jrndn,30,6,5,cma,a,4,11832,61.6464,PREF,10
jrndn,30,6,5,cma,a,5,12046,60.6840,PREF,10
jrndn,30,6,5,cma,a,6,11682,61.1882,PREF,10
jrndn,30,6,5,cma,a,7,11250,64.2844,PREF,10
jrndn,30,6,5,cma,a,8,11054,65.4605,PREF,10
jrndn,30,6,5,cma,a,9,11396,68.9891,PREF,10
jrndn,30,6,5,cma,a,10,11348,67.9944,PREF,10
jrndn,30,6,5,cma,a,11,11008,69.3314,PREF,10
jrndn,30,6,5,cma,a,12,10584,69.8791,PREF,10
jrndn,30,6,5,cma,a,13,10772,72.8556,PREF,10
jrndn,30,6,5,cma,a,14,10592,74.9811,PREF,10
jrndn,30,6,5,cma,a,15,10554,77.0514,PREF,10
jrndn,30,6,5,cma,a,16,10828,76.4684,PREF,10
jrndn,30,6,5,cma,a,17,10952,78.2323,PREF,10
jrndn,30,6,5,cma,a,18,11000,81.2909,PREF,10
jrndn,30,6,5,cma,a,19,10758,81.9297,PREF,10
jrndn,30,6,5,cma,a,20,10802,83.2624,PREF,10
jrndn,30,6,5,cma,a,21,10994,84.1004,PREF,10
jrndn,30,6,5,cma,a,22,10768,85.0111,PREF,10
jrndn,30,6,5,cma,a,23,9958,87.1862,PREF,10
jrndn,30,6,5,cma,a,24,8942,88.1458,PREF,10
jrndn,30,6,5,cma,a,25,7278,90.6018,PREF,10
jrndn,30,6,5,cma,a,26,5160,93.4884,PREF,10
jrndn,30,6,5,cma,a,27,3134,95.0223,PREF,10
jrndn,30,6,5,cma,a,28,1352,96.8935,PREF,10
jrndn,30,6,5,cma,a,29,308,100.0000,PREF,10
jrndn,30,6,5,rnd,b,1,6732,53.4462,PREF,10
jrndn,30,6,5,rnd,b,2,6768,62.1158,PREF,10
jrndn,30,6,5,rnd,b,3,6522,62.7415,PREF,10
jrndn,30,6,5,rnd,b,4,6182,66.6451,PREF,10
jrndn,30,6,5,rnd,b,5,6064,69.0963,PREF,10
jrndn,30,6,5,rnd,b,6,5918,70.8685,PREF,10
jrndn,30,6,5,rnd,b,7,5874,70.8546,PREF,10
jrndn,30,6,5,rnd,b,8,5778,71.7895,PREF,10
jrndn,30,6,5,rnd,b,9,5660,72.2261,PREF,10
jrndn,30,6,5,rnd,b,10,5274,72.0516,PREF,10
jrndn,30,6,5,rnd,b,11,5216,72.3926,PREF,10
jrndn,30,6,5,rnd,b,12,4896,71.7729,PREF,10
jrndn,30,6,5,rnd,b,13,4796,72.6439,PREF,10
jrndn,30,6,5,rnd,b,14,4528,73.6749,PREF,10
jrndn,30,6,5,rnd,b,15,4154,73.8565,PREF,10
jrndn,30,6,5,rnd,b,16,3794,74.8023,PREF,10
jrndn,30,6,5,rnd,b,17,3434,75.7135,PREF,10
jrndn,30,6,5,rnd,b,18,3266,77.3423,PREF,10
jrndn,30,6,5,rnd,b,19,2812,76.9559,PREF,10
jrndn,30,6,5,rnd,b,20,2332,78.9022,PREF,10
jrndn,30,6,5,rnd,b,21,1934,79.2141,PREF,10
jrndn,30,6,5,rnd,b,22,1588,81.8640,PREF,10
jrndn,30,6,5,rnd,b,23,1292,81.4241,PREF,10
jrndn,30,6,5,rnd,b,24,970,85.1546,PREF,10
jrndn,30,6,5,rnd,b,25,736,89.4022,PREF,10
jrndn,30,6,5,rnd,b,26,462,93.9394,PREF,10
jrndn,30,6,5,rnd,b,27,300,96.0000,PREF,10
jrndn,30,6,5,rnd,b,28,102,100.0000,PREF,10
jrndn,30,6,5,rnd,b,29,22,100.0000,PREF,10
jrndn,30,6,5,rnd,f,1,5188,52.7371,PREF,10
jrndn,30,6,5,rnd,f,2,5334,63.5171,PREF,10
jrndn,30,6,5,rnd,f,3,5096,65.7378,PREF,10
jrndn,30,6,5,rnd,f,4,4782,64.9937,PREF,10
jrndn,30,6,5,rnd,f,5,4822,69.3073,PREF,10
jrndn,30,6,5,rnd,f,6,4660,70.0858,PREF,10
jrndn,30,6,5,rnd,f,7,4616,69.8440,PREF,10
jrndn,30,6,5,rnd,f,8,4496,68.8167,PREF,10
jrndn,30,6,5,rnd,f,9,4452,73.4951,PREF,10
jrndn,30,6,5,rnd,f,10,4270,71.8970,PREF,10
jrndn,30,6,5,rnd,f,11,4128,73.0136,PREF,10
jrndn,30,6,5,rnd,f,12,3888,72.4280,PREF,10
jrndn,30,6,5,rnd,f,13,3914,73.9397,PREF,10
jrndn,30,6,5,rnd,f,14,3704,75.4320,PREF,10
jrndn,30,6,5,rnd,f,15,3444,78.2230,PREF,10
jrndn,30,6,5,rnd,f,16,3152,76.0787,PREF,10
jrndn,30,6,5,rnd,f,17,2870,74.9826,PREF,10
jrndn,30,6,5,rnd,f,18,2686,75.3537,PREF,10
jrndn,30,6,5,rnd,f,19,2446,74.8978,PREF,10
jrndn,30,6,5,rnd,f,20,2066,79.0900,PREF,10
jrndn,30,6,5,rnd,f,21,1744,78.3257,PREF,10
jrndn,30,6,5,rnd,f,22,1474,79.7829,PREF,10
jrndn,30,6,5,rnd,f,23,1224,77.1242,PREF,10
jrndn,30,6,5,rnd,f,24,926,85.3132,PREF,10
jrndn,30,6,5,rnd,f,25,704,91.7614,PREF,10
jrndn,30,6,5,rnd,f,26,450,97.7778,PREF,10
jrndn,30,6,5,rnd,f,27,296,95.9459,PREF,10
jrndn,30,6,5,rnd,f,28,102,100.0000,PREF,10
jrndn,30,6,5,rnd,f,29,22,100.0000,PREF,10
jrndn,30,6,5,rnd,p,1,4580,51.9651,PREF,10
jrndn,30,6,5,rnd,p,2,4640,63.5776,PREF,10
jrndn,30,6,5,rnd,p,3,4470,66.4430,PREF,10
jrndn,30,6,5,rnd,p,4,4310,66.3573,PREF,10
jrndn,30,6,5,rnd,p,5,4260,70.1878,PREF,10
jrndn,30,6,5,rnd,p,6,4220,72.2749,PREF,10
jrndn,30,6,5,rnd,p,7,4226,71.2257,PREF,10
jrndn,30,6,5,rnd,p,8,4104,70.1267,PREF,10
jrndn,30,6,5,rnd,p,9,4104,74.1228,PREF,10
jrndn,30,6,5,rnd,p,10,3980,72.9146,PREF,10
jrndn,30,6,5,rnd,p,11,3872,74.8967,PREF,10
jrndn,30,6,5,rnd,p,12,3664,72.8712,PREF,10
jrndn,30,6,5,rnd,p,13,3624,73.5651,PREF,10
jrndn,30,6,5,rnd,p,14,3486,75.2151,PREF,10
jrndn,30,6,5,rnd,p,15,3266,77.2811,PREF,10
jrndn,30,6,5,rnd,p,16,2984,76.4075,PREF,10
jrndn,30,6,5,rnd,p,17,2738,76.1870,PREF,10
jrndn,30,6,5,rnd,p,18,2622,76.4302,PREF,10
jrndn,30,6,5,rnd,p,19,2384,75.5034,PREF,10
jrndn,30,6,5,rnd,p,20,2020,79.6040,PREF,10
jrndn,30,6,5,rnd,p,21,1706,77.4912,PREF,10
jrndn,30,6,5,rnd,p,22,1468,80.1090,PREF,10
jrndn,30,6,5,rnd,p,23,1218,78.1609,PREF,10
jrndn,30,6,5,rnd,p,24,920,85.8696,PREF,10
jrndn,30,6,5,rnd,p,25,698,91.6905,PREF,10
jrndn,30,6,5,rnd,p,26,450,97.7778,PREF,10
jrndn,30,6,5,rnd,p,27,294,95.2381,PREF,10
jrndn,30,6,5,rnd,p,28,102,100.0000,PREF,10
jrndn,30,6,5,rnd,p,29,22,100.0000,PREF,10
jrndn,30,6,5,rnd,a,1,11920,52.9698,PREF,10
jrndn,30,6,5,rnd,a,2,12102,61.9732,PREF,10
jrndn,30,6,5,rnd,a,3,11618,63.9181,PREF,10
jrndn,30,6,5,rnd,a,4,10964,66.2532,PREF,10
jrndn,30,6,5,rnd,a,5,10886,68.9693,PREF,10
jrndn,30,6,5,rnd,a,6,10578,70.7695,PREF,10
jrndn,30,6,5,rnd,a,7,10490,70.4671,PREF,10
jrndn,30,6,5,rnd,a,8,10274,70.3329,PREF,10
jrndn,30,6,5,rnd,a,9,10112,72.5672,PREF,10
jrndn,30,6,5,rnd,a,10,9544,71.5423,PREF,10
jrndn,30,6,5,rnd,a,11,9344,72.2175,PREF,10
jrndn,30,6,5,rnd,a,12,8784,72.3361,PREF,10
jrndn,30,6,5,rnd,a,13,8710,72.8129,PREF,10
jrndn,30,6,5,rnd,a,14,8232,74.1011,PREF,10
jrndn,30,6,5,rnd,a,15,7598,75.6778,PREF,10
jrndn,30,6,5,rnd,a,16,6946,75.5543,PREF,10
jrndn,30,6,5,rnd,a,17,6304,75.2538,PREF,10
jrndn,30,6,5,rnd,a,18,5952,76.6801,PREF,10
jrndn,30,6,5,rnd,a,19,5258,75.8083,PREF,10
jrndn,30,6,5,rnd,a,20,4398,79.2633,PREF,10
jrndn,30,6,5,rnd,a,21,3678,79.5541,PREF,10
jrndn,30,6,5,rnd,a,22,3062,79.4905,PREF,10
jrndn,30,6,5,rnd,a,23,2516,79.2528,PREF,10
jrndn,30,6,5,rnd,a,24,1896,84.5992,PREF,10
jrndn,30,6,5,rnd,a,25,1440,90.6944,PREF,10
jrndn,30,6,5,rnd,a,26,912,93.6404,PREF,10
jrndn,30,6,5,rnd,a,27,596,95.6376,PREF,10
jrndn,30,6,5,rnd,a,28,204,100.0000,PREF,10
jrndn,30,6,5,rnd,a,29,44,100.0000,PREF,10
jrndn,30,6,5,all,b,1,13464,53.4759,PREF,10
jrndn,30,6,5,all,b,2,13564,58.6258,PREF,10
jrndn,30,6,5,all,b,3,13650,61.4652,PREF,10
jrndn,30,6,5,all,b,4,13744,62.5291,PREF,10
jrndn,30,6,5,all,b,5,13516,63.7615,PREF,10
jrndn,30,6,5,all,b,6,13668,63.6231,PREF,10
jrndn,30,6,5,all,b,7,13860,63.2468,PREF,10
jrndn,30,6,5,all,b,8,13590,65.7248,PREF,10
jrndn,30,6,5,all,b,9,13610,66.8332,PREF,10
jrndn,30,6,5,all,b,10,13378,67.0504,PREF,10
jrndn,30,6,5,all,b,11,13088,67.6498,PREF,10
jrndn,30,6,5,all,b,12,12896,67.4628,PREF,10
jrndn,30,6,5,all,b,13,12936,68.7539,PREF,10
jrndn,30,6,5,all,b,14,12738,70.7175,PREF,10
jrndn,30,6,5,all,b,15,12304,72.7243,PREF,10
jrndn,30,6,5,all,b,16,12176,73.7516,PREF,10
jrndn,30,6,5,all,b,17,12154,74.8725,PREF,10
jrndn,30,6,5,all,b,18,11700,75.5214,PREF,10
jrndn,30,6,5,all,b,19,11104,77.0533,PREF,10
jrndn,30,6,5,all,b,20,10574,79.4591,PREF,10
jrndn,30,6,5,all,b,21,9944,80.8327,PREF,10
jrndn,30,6,5,all,b,22,9272,83.4124,PREF,10
jrndn,30,6,5,all,b,23,8498,85.4319,PREF,10
jrndn,30,6,5,all,b,24,7580,87.3879,PREF,10
jrndn,30,6,5,all,b,25,6372,91.6824,PREF,10
jrndn,30,6,5,all,b,26,3726,92.9683,PREF,10
jrndn,30,6,5,all,b,27,1854,94.8220,PREF,10
jrndn,30,6,5,all,b,28,712,96.9101,PREF,10
jrndn,30,6,5,all,b,29,152,98.6842,PREF,10
jrndn,30,6,5,all,f,1,10376,52.5443,PREF,10
jrndn,30,6,5,all,f,2,10410,57.9443,PREF,10
jrndn,30,6,5,all,f,3,10410,59.1547,PREF,10
jrndn,30,6,5,all,f,4,10384,61.4599,PREF,10
jrndn,30,6,5,all,f,5,10302,62.6674,PREF,10
jrndn,30,6,5,all,f,6,10364,63.1802,PREF,10
jrndn,30,6,5,all,f,7,10492,63.5532,PREF,10
jrndn,30,6,5,all,f,8,10212,66.4904,PREF,10
jrndn,30,6,5,all,f,9,10108,65.8093,PREF,10
jrndn,30,6,5,all,f,10,10110,65.4204,PREF,10
jrndn,30,6,5,all,f,11,9876,65.2896,PREF,10
jrndn,30,6,5,all,f,12,9680,66.1157,PREF,10
jrndn,30,6,5,all,f,13,9828,69.3936,PREF,10
jrndn,30,6,5,all,f,14,9658,71.3812,PREF,10
jrndn,30,6,5,all,f,15,9344,72.4957,PREF,10
jrndn,30,6,5,all,f,16,9212,72.7746,PREF,10
jrndn,30,6,5,all,f,17,9274,75.6308,PREF,10
jrndn,30,6,5,all,f,18,8862,75.4232,PREF,10
jrndn,30,6,5,all,f,19,8448,76.8939,PREF,10
jrndn,30,6,5,all,f,20,8310,80.2888,PREF,10
jrndn,30,6,5,all,f,21,7846,82.2840,PREF,10
jrndn,30,6,5,all,f,22,7422,82.5653,PREF,10
jrndn,30,6,5,all,f,23,6914,82.9043,PREF,10
jrndn,30,6,5,all,f,24,6316,87.0804,PREF,10
jrndn,30,6,5,all,f,25,5334,90.4387,PREF,10
jrndn,30,6,5,all,f,26,3366,93.3452,PREF,10
jrndn,30,6,5,all,f,27,1794,95.0948,PREF,10
jrndn,30,6,5,all,f,28,712,98.0337,PREF,10
jrndn,30,6,5,all,f,29,152,98.6842,PREF,10
jrndn,30,6,5,all,p,1,9160,51.9651,PREF,10
jrndn,30,6,5,all,p,2,9140,58.3151,PREF,10
jrndn,30,6,5,all,p,3,9210,60.3692,PREF,10
jrndn,30,6,5,all,p,4,9170,62.0502,PREF,10
jrndn,30,6,5,all,p,5,9090,63.0363,PREF,10
jrndn,30,6,5,all,p,6,9210,62.7579,PREF,10
jrndn,30,6,5,all,p,7,9200,63.3696,PREF,10
jrndn,30,6,5,all,p,8,9128,65.9509,PREF,10
jrndn,30,6,5,all,p,9,9066,65.6298,PREF,10
jrndn,30,6,5,all,p,10,9062,65.5484,PREF,10
jrndn,30,6,5,all,p,11,8910,65.5443,PREF,10
jrndn,30,6,5,all,p,12,8750,65.9657,PREF,10
jrndn,30,6,5,all,p,13,8812,69.2919,PREF,10
jrndn,30,6,5,all,p,14,8740,71.0526,PREF,10
jrndn,30,6,5,all,p,15,8482,72.2471,PREF,10
jrndn,30,6,5,all,p,16,8490,73.0271,PREF,10
jrndn,30,6,5,all,p,17,8544,76.4513,PREF,10
jrndn,30,6,5,all,p,18,8308,75.1565,PREF,10
jrndn,30,6,5,all,p,19,8000,77.3750,PREF,10
jrndn,30,6,5,all,p,20,7824,80.8538,PREF,10
jrndn,30,6,5,all,p,21,7412,81.8942,PREF,10
jrndn,30,6,5,all,p,22,7102,82.5965,PREF,10
jrndn,30,6,5,all,p,23,6624,83.3635,PREF,10
jrndn,30,6,5,all,p,24,6120,86.6993,PREF,10
jrndn,30,6,5,all,p,25,5178,90.4210,PREF,10
jrndn,30,6,5,all,p,26,3318,92.7064,PREF,10
jrndn,30,6,5,all,p,27,1786,95.0728,PREF,10
jrndn,30,6,5,all,p,28,712,98.0337,PREF,10
jrndn,30,6,5,all,p,29,152,98.6842,PREF,10
jrndn,30,6,5,all,a,1,47680,52.9698,PREF,10
jrndn,30,6,5,all,a,2,47488,58.6759,PREF,10
jrndn,30,6,5,all,a,3,47172,61.7443,PREF,10
jrndn,30,6,5,all,a,4,46784,62.9403,PREF,10
jrndn,30,6,5,all,a,5,45964,61.8441,PREF,10
jrndn,30,6,5,all,a,6,42228,61.8215,PREF,10
jrndn,30,6,5,all,a,7,41954,63.2026,PREF,10
jrndn,30,6,5,all,a,8,40324,66.4170,PREF,10
jrndn,30,6,5,all,a,9,41130,66.5257,PREF,10
jrndn,30,6,5,all,a,10,40894,66.5819,PREF,10
jrndn,30,6,5,all,a,11,36842,66.1473,PREF,10
jrndn,30,6,5,all,a,12,36014,67.0795,PREF,10
jrndn,30,6,5,all,a,13,36592,69.7967,PREF,10
jrndn,30,6,5,all,a,14,36412,71.7621,PREF,10
jrndn,30,6,5,all,a,15,35532,73.0890,PREF,10
jrndn,30,6,5,all,a,16,33448,73.5769,PREF,10
jrndn,30,6,5,all,a,17,33484,75.2897,PREF,10
jrndn,30,6,5,all,a,18,32778,76.8442,PREF,10
jrndn,30,6,5,all,a,19,31662,77.9546,PREF,10
jrndn,30,6,5,all,a,20,31206,80.8050,PREF,10
jrndn,30,6,5,all,a,21,29032,82.4814,PREF,10
jrndn,30,6,5,all,a,22,27674,84.3102,PREF,10
jrndn,30,6,5,all,a,23,25606,85.7455,PREF,10
jrndn,30,6,5,all,a,24,23114,87.5573,PREF,10
jrndn,30,6,5,all,a,25,19428,90.4982,PREF,10
jrndn,30,6,5,all,a,26,12252,93.0787,PREF,10
jrndn,30,6,5,all,a,27,6782,95.0752,PREF,10
jrndn,30,6,5,all,a,28,2776,96.6138,PREF,10
jrndn,30,6,5,all,a,29,612,100.0000,PREF,10
