trainingdata,dim,n,m,track,rank,step,l
jrnd,30,6,5,opt,b,1,6632
jrnd,30,6,5,opt,b,2,7042
jrnd,30,6,5,opt,b,3,7260
jrnd,30,6,5,opt,b,4,7260
jrnd,30,6,5,opt,b,5,7234
jrnd,30,6,5,opt,b,6,7416
jrnd,30,6,5,opt,b,7,7522
jrnd,30,6,5,opt,b,8,7592
jrnd,30,6,5,opt,b,9,7702
jrnd,30,6,5,opt,b,10,7648
jrnd,30,6,5,opt,b,11,7548
jrnd,30,6,5,opt,b,12,7486
jrnd,30,6,5,opt,b,13,7286
jrnd,30,6,5,opt,b,14,7272
jrnd,30,6,5,opt,b,15,7128
jrnd,30,6,5,opt,b,16,6898
jrnd,30,6,5,opt,b,17,6680
jrnd,30,6,5,opt,b,18,6436
jrnd,30,6,5,opt,b,19,6038
jrnd,30,6,5,opt,b,20,5572
jrnd,30,6,5,opt,b,21,5072
jrnd,30,6,5,opt,b,22,4506
jrnd,30,6,5,opt,b,23,3836
jrnd,30,6,5,opt,b,24,3198
jrnd,30,6,5,opt,b,25,2390
jrnd,30,6,5,opt,b,26,1750
jrnd,30,6,5,opt,b,27,1072
jrnd,30,6,5,opt,b,28,490
jrnd,30,6,5,opt,b,29,106
jrnd,30,6,5,opt,b,30,0
jrnd,30,6,5,opt,f,1,5140
jrnd,30,6,5,opt,f,2,5372
jrnd,30,6,5,opt,f,3,5568
jrnd,30,6,5,opt,f,4,5434
jrnd,30,6,5,opt,f,5,5380
jrnd,30,6,5,opt,f,6,5390
jrnd,30,6,5,opt,f,7,5438
jrnd,30,6,5,opt,f,8,5538
jrnd,30,6,5,opt,f,9,5534
jrnd,30,6,5,opt,f,10,5432
jrnd,30,6,5,opt,f,11,5376
jrnd,30,6,5,opt,f,12,5350
jrnd,30,6,5,opt,f,13,5160
jrnd,30,6,5,opt,f,14,5120
jrnd,30,6,5,opt,f,15,4930
jrnd,30,6,5,opt,f,16,4916
jrnd,30,6,5,opt,f,17,4864
jrnd,30,6,5,opt,f,18,4716
jrnd,30,6,5,opt,f,19,4598
jrnd,30,6,5,opt,f,20,4312
jrnd,30,6,5,opt,f,21,3942
jrnd,30,6,5,opt,f,22,3564
jrnd,30,6,5,opt,f,23,3140
jrnd,30,6,5,opt,f,24,2708
jrnd,30,6,5,opt,f,25,2156
jrnd,30,6,5,opt,f,26,1652
jrnd,30,6,5,opt,f,27,1060
jrnd,30,6,5,opt,f,28,490
jrnd,30,6,5,opt,f,29,106
jrnd,30,6,5,opt,f,30,0
jrnd,30,6,5,opt,p,1,4550
jrnd,30,6,5,opt,p,2,4650
jrnd,30,6,5,opt,p,3,4780
jrnd,30,6,5,opt,p,4,4760
jrnd,30,6,5,opt,p,5,4760
jrnd,30,6,5,opt,p,6,4810
jrnd,30,6,5,opt,p,7,4830
jrnd,30,6,5,opt,p,8,4858
jrnd,30,6,5,opt,p,9,4888
jrnd,30,6,5,opt,p,10,4872
jrnd,30,6,5,opt,p,11,4834
jrnd,30,6,5,opt,p,12,4850
jrnd,30,6,5,opt,p,13,4720
jrnd,30,6,5,opt,p,14,4746
jrnd,30,6,5,opt,p,15,4632
jrnd,30,6,5,opt,p,16,4600
jrnd,30,6,5,opt,p,17,4514
jrnd,30,6,5,opt,p,18,4354
jrnd,30,6,5,opt,p,19,4222
jrnd,30,6,5,opt,p,20,4020
jrnd,30,6,5,opt,p,21,3732
jrnd,30,6,5,opt,p,22,3414
jrnd,30,6,5,opt,p,23,3032
jrnd,30,6,5,opt,p,24,2642
jrnd,30,6,5,opt,p,25,2124
jrnd,30,6,5,opt,p,26,1634
jrnd,30,6,5,opt,p,27,1058
jrnd,30,6,5,opt,p,28,490
jrnd,30,6,5,opt,p,29,106
jrnd,30,6,5,opt,p,30,0
jrnd,30,6,5,cma,b,1,6632
jrnd,30,6,5,cma,b,2,6778
jrnd,30,6,5,cma,b,3,6918
jrnd,30,6,5,cma,b,4,7040
jrnd,30,6,5,cma,b,5,7090
jrnd,30,6,5,cma,b,6,6930
jrnd,30,6,5,cma,b,7,6604
jrnd,30,6,5,cma,b,8,6634
jrnd,30,6,5,cma,b,9,6520
jrnd,30,6,5,cma,b,10,6194
jrnd,30,6,5,cma,b,11,6054
jrnd,30,6,5,cma,b,12,5924
jrnd,30,6,5,cma,b,13,5770
jrnd,30,6,5,cma,b,14,5514
jrnd,30,6,5,cma,b,15,5552
jrnd,30,6,5,cma,b,16,5334
jrnd,30,6,5,cma,b,17,5180
jrnd,30,6,5,cma,b,18,4932
jrnd,30,6,5,cma,b,19,4680
jrnd,30,6,5,cma,b,20,4598
jrnd,30,6,5,cma,b,21,4416
jrnd,30,6,5,cma,b,22,3972
jrnd,30,6,5,cma,b,23,3598
jrnd,30,6,5,cma,b,24,3024
jrnd,30,6,5,cma,b,25,2174
jrnd,30,6,5,cma,b,26,1318
jrnd,30,6,5,cma,b,27,564
jrnd,30,6,5,cma,b,28,152
jrnd,30,6,5,cma,b,29,16
jrnd,30,6,5,cma,b,30,0
jrnd,30,6,5,cma,f,1,5140
jrnd,30,6,5,cma,f,2,5130
jrnd,30,6,5,cma,f,3,5116
jrnd,30,6,5,cma,f,4,5198
jrnd,30,6,5,cma,f,5,5244
jrnd,30,6,5,cma,f,6,5188
jrnd,30,6,5,cma,f,7,5040
jrnd,30,6,5,cma,f,8,5028
jrnd,30,6,5,cma,f,9,4946
jrnd,30,6,5,cma,f,10,4786
jrnd,30,6,5,cma,f,11,4700
jrnd,30,6,5,cma,f,12,4692
jrnd,30,6,5,cma,f,13,4534
jrnd,30,6,5,cma,f,14,4414
jrnd,30,6,5,cma,f,15,4348
jrnd,30,6,5,cma,f,16,4310
jrnd,30,6,5,cma,f,17,4186
jrnd,30,6,5,cma,f,18,4040
jrnd,30,6,5,cma,f,19,3834
jrnd,30,6,5,cma,f,20,3880
jrnd,30,6,5,cma,f,21,3650
jrnd,30,6,5,cma,f,22,3318
jrnd,30,6,5,cma,f,23,3090
jrnd,30,6,5,cma,f,24,2676
jrnd,30,6,5,cma,f,25,2072
jrnd,30,6,5,cma,f,26,1272
jrnd,30,6,5,cma,f,27,562
jrnd,30,6,5,cma,f,28,152
jrnd,30,6,5,cma,f,29,16
jrnd,30,6,5,cma,f,30,0
jrnd,30,6,5,cma,p,1,4550
jrnd,30,6,5,cma,p,2,4580
jrnd,30,6,5,cma,p,3,4650
jrnd,30,6,5,cma,p,4,4680
jrnd,30,6,5,cma,p,5,4650
jrnd,30,6,5,cma,p,6,4610
jrnd,30,6,5,cma,p,7,4510
jrnd,30,6,5,cma,p,8,4550
jrnd,30,6,5,cma,p,9,4440
jrnd,30,6,5,cma,p,10,4290
jrnd,30,6,5,cma,p,11,4250
jrnd,30,6,5,cma,p,12,4280
jrnd,30,6,5,cma,p,13,4070
jrnd,30,6,5,cma,p,14,4020
jrnd,30,6,5,cma,p,15,4026
jrnd,30,6,5,cma,p,16,3950
jrnd,30,6,5,cma,p,17,3898
jrnd,30,6,5,cma,p,18,3774
jrnd,30,6,5,cma,p,19,3592
jrnd,30,6,5,cma,p,20,3708
jrnd,30,6,5,cma,p,21,3506
jrnd,30,6,5,cma,p,22,3254
jrnd,30,6,5,cma,p,23,3058
jrnd,30,6,5,cma,p,24,2666
jrnd,30,6,5,cma,p,25,2066
jrnd,30,6,5,cma,p,26,1272
jrnd,30,6,5,cma,p,27,562
jrnd,30,6,5,cma,p,28,152
jrnd,30,6,5,cma,p,29,16
jrnd,30,6,5,cma,p,30,0
jrnd,30,6,5,mwr,b,1,6632
jrnd,30,6,5,mwr,b,2,6520
jrnd,30,6,5,mwr,b,3,6276
jrnd,30,6,5,mwr,b,4,6260
jrnd,30,6,5,mwr,b,5,6146
jrnd,30,6,5,mwr,b,6,6202
jrnd,30,6,5,mwr,b,7,6102
jrnd,30,6,5,mwr,b,8,6074
jrnd,30,6,5,mwr,b,9,5966
jrnd,30,6,5,mwr,b,10,5678
jrnd,30,6,5,mwr,b,11,5684
jrnd,30,6,5,mwr,b,12,5646
jrnd,30,6,5,mwr,b,13,5558
jrnd,30,6,5,mwr,b,14,5368
jrnd,30,6,5,mwr,b,15,5248
jrnd,30,6,5,mwr,b,16,5076
jrnd,30,6,5,mwr,b,17,4988
jrnd,30,6,5,mwr,b,18,4906
jrnd,30,6,5,mwr,b,19,4756
jrnd,30,6,5,mwr,b,20,4998
jrnd,30,6,5,mwr,b,21,5022
jrnd,30,6,5,mwr,b,22,4940
jrnd,30,6,5,mwr,b,23,4686
jrnd,30,6,5,mwr,b,24,4344
jrnd,30,6,5,mwr,b,25,3984
jrnd,30,6,5,mwr,b,26,1812
jrnd,30,6,5,mwr,b,27,730
jrnd,30,6,5,mwr,b,28,228
jrnd,30,6,5,mwr,b,29,22
jrnd,30,6,5,mwr,b,30,0
jrnd,30,6,5,mwr,f,1,5140
jrnd,30,6,5,mwr,f,2,5156
jrnd,30,6,5,mwr,f,3,4906
jrnd,30,6,5,mwr,f,4,4990
jrnd,30,6,5,mwr,f,5,4928
jrnd,30,6,5,mwr,f,6,4808
jrnd,30,6,5,mwr,f,7,4782
jrnd,30,6,5,mwr,f,8,4752
jrnd,30,6,5,mwr,f,9,4726
jrnd,30,6,5,mwr,f,10,4518
jrnd,30,6,5,mwr,f,11,4506
jrnd,30,6,5,mwr,f,12,4474
jrnd,30,6,5,mwr,f,13,4374
jrnd,30,6,5,mwr,f,14,4302
jrnd,30,6,5,mwr,f,15,4240
jrnd,30,6,5,mwr,f,16,4106
jrnd,30,6,5,mwr,f,17,4006
jrnd,30,6,5,mwr,f,18,3980
jrnd,30,6,5,mwr,f,19,3882
jrnd,30,6,5,mwr,f,20,4060
jrnd,30,6,5,mwr,f,21,4070
jrnd,30,6,5,mwr,f,22,3952
jrnd,30,6,5,mwr,f,23,3766
jrnd,30,6,5,mwr,f,24,3478
jrnd,30,6,5,mwr,f,25,3116
jrnd,30,6,5,mwr,f,26,1568
jrnd,30,6,5,mwr,f,27,680
jrnd,30,6,5,mwr,f,28,228
jrnd,30,6,5,mwr,f,29,22
jrnd,30,6,5,mwr,f,30,0
jrnd,30,6,5,mwr,p,1,4550
jrnd,30,6,5,mwr,p,2,4510
jrnd,30,6,5,mwr,p,3,4370
jrnd,30,6,5,mwr,p,4,4400
jrnd,30,6,5,mwr,p,5,4350
jrnd,30,6,5,mwr,p,6,4310
jrnd,30,6,5,mwr,p,7,4300
jrnd,30,6,5,mwr,p,8,4330
jrnd,30,6,5,mwr,p,9,4260
jrnd,30,6,5,mwr,p,10,4160
jrnd,30,6,5,mwr,p,11,4090
jrnd,30,6,5,mwr,p,12,4040
jrnd,30,6,5,mwr,p,13,4010
jrnd,30,6,5,mwr,p,14,3880
jrnd,30,6,5,mwr,p,15,3840
jrnd,30,6,5,mwr,p,16,3760
jrnd,30,6,5,mwr,p,17,3770
jrnd,30,6,5,mwr,p,18,3740
jrnd,30,6,5,mwr,p,19,3660
jrnd,30,6,5,mwr,p,20,3840
jrnd,30,6,5,mwr,p,21,3860
jrnd,30,6,5,mwr,p,22,3760
jrnd,30,6,5,mwr,p,23,3600
jrnd,30,6,5,mwr,p,24,3370
jrnd,30,6,5,mwr,p,25,3080
jrnd,30,6,5,mwr,p,26,1560
jrnd,30,6,5,mwr,p,27,678
jrnd,30,6,5,mwr,p,28,228
jrnd,30,6,5,mwr,p,29,22
jrnd,30,6,5,mwr,p,30,0
jrnd,30,6,5,lwr,b,1,6632
jrnd,30,6,5,lwr,b,2,6930
jrnd,30,6,5,lwr,b,3,6412
jrnd,30,6,5,lwr,b,4,5872
jrnd,30,6,5,lwr,b,5,5744
jrnd,30,6,5,lwr,b,6,3344
jrnd,30,6,5,lwr,b,7,3344
jrnd,30,6,5,lwr,b,8,2904
jrnd,30,6,5,lwr,b,9,3092
jrnd,30,6,5,lwr,b,10,3300
jrnd,30,6,5,lwr,b,11,1388
jrnd,30,6,5,lwr,b,12,1288
jrnd,30,6,5,lwr,b,13,1484
jrnd,30,6,5,lwr,b,14,1570
jrnd,30,6,5,lwr,b,15,1696
jrnd,30,6,5,lwr,b,16,524
jrnd,30,6,5,lwr,b,17,520
jrnd,30,6,5,lwr,b,18,552
jrnd,30,6,5,lwr,b,19,612
jrnd,30,6,5,lwr,b,20,720
jrnd,30,6,5,lwr,b,21,112
jrnd,30,6,5,lwr,b,22,92
jrnd,30,6,5,lwr,b,23,114
jrnd,30,6,5,lwr,b,24,142
jrnd,30,6,5,lwr,b,25,162
jrnd,30,6,5,lwr,b,26,0
jrnd,30,6,5,lwr,b,27,0
jrnd,30,6,5,lwr,b,28,0
jrnd,30,6,5,lwr,b,29,0
jrnd,30,6,5,lwr,b,30,0
jrnd,30,6,5,lwr,f,1,5140
jrnd,30,6,5,lwr,f,2,5210
jrnd,30,6,5,lwr,f,3,5028
jrnd,30,6,5,lwr,f,4,4700
jrnd,30,6,5,lwr,f,5,4538
jrnd,30,6,5,lwr,f,6,2996
jrnd,30,6,5,lwr,f,7,2932
jrnd,30,6,5,lwr,f,8,2594
jrnd,30,6,5,lwr,f,9,2708
jrnd,30,6,5,lwr,f,10,2924
jrnd,30,6,5,lwr,f,11,1332
jrnd,30,6,5,lwr,f,12,1228
jrnd,30,6,5,lwr,f,13,1440
jrnd,30,6,5,lwr,f,14,1482
jrnd,30,6,5,lwr,f,15,1610
jrnd,30,6,5,lwr,f,16,524
jrnd,30,6,5,lwr,f,17,520
jrnd,30,6,5,lwr,f,18,552
jrnd,30,6,5,lwr,f,19,612
jrnd,30,6,5,lwr,f,20,720
jrnd,30,6,5,lwr,f,21,112
jrnd,30,6,5,lwr,f,22,92
jrnd,30,6,5,lwr,f,23,114
jrnd,30,6,5,lwr,f,24,142
jrnd,30,6,5,lwr,f,25,162
jrnd,30,6,5,lwr,f,26,0
jrnd,30,6,5,lwr,f,27,0
jrnd,30,6,5,lwr,f,28,0
jrnd,30,6,5,lwr,f,29,0
jrnd,30,6,5,lwr,f,30,0
jrnd,30,6,5,lwr,p,1,4550
jrnd,30,6,5,lwr,p,2,4640
jrnd,30,6,5,lwr,p,3,4400
jrnd,30,6,5,lwr,p,4,4140
jrnd,30,6,5,lwr,p,5,4070
jrnd,30,6,5,lwr,p,6,2776
jrnd,30,6,5,lwr,p,7,2720
jrnd,30,6,5,lwr,p,8,2448
jrnd,30,6,5,lwr,p,9,2552
jrnd,30,6,5,lwr,p,10,2784
jrnd,30,6,5,lwr,p,11,1296
jrnd,30,6,5,lwr,p,12,1194
jrnd,30,6,5,lwr,p,13,1398
jrnd,30,6,5,lwr,p,14,1458
jrnd,30,6,5,lwr,p,15,1584
jrnd,30,6,5,lwr,p,16,524
jrnd,30,6,5,lwr,p,17,520
jrnd,30,6,5,lwr,p,18,552
jrnd,30,6,5,lwr,p,19,612
jrnd,30,6,5,lwr,p,20,720
jrnd,30,6,5,lwr,p,21,112
jrnd,30,6,5,lwr,p,22,92
jrnd,30,6,5,lwr,p,23,114
jrnd,30,6,5,lwr,p,24,142
jrnd,30,6,5,lwr,p,25,162
jrnd,30,6,5,lwr,p,26,0
jrnd,30,6,5,lwr,p,27,0
jrnd,30,6,5,lwr,p,28,0
jrnd,30,6,5,lwr,p,29,0
jrnd,30,6,5,lwr,p,30,0
jrnd,30,6,5,rnd,b,1,6632
jrnd,30,6,5,rnd,b,2,6548
jrnd,30,6,5,rnd,b,3,6536
jrnd,30,6,5,rnd,b,4,6258
jrnd,30,6,5,rnd,b,5,6276
jrnd,30,6,5,rnd,b,6,5970
jrnd,30,6,5,rnd,b,7,5894
jrnd,30,6,5,rnd,b,8,5770
jrnd,30,6,5,rnd,b,9,5520
jrnd,30,6,5,rnd,b,10,5352
jrnd,30,6,5,rnd,b,11,5114
jrnd,30,6,5,rnd,b,12,4900
jrnd,30,6,5,rnd,b,13,4838
jrnd,30,6,5,rnd,b,14,4538
jrnd,30,6,5,rnd,b,15,4406
jrnd,30,6,5,rnd,b,16,3908
jrnd,30,6,5,rnd,b,17,3674
jrnd,30,6,5,rnd,b,18,3326
jrnd,30,6,5,rnd,b,19,2946
jrnd,30,6,5,rnd,b,20,2594
jrnd,30,6,5,rnd,b,21,2118
jrnd,30,6,5,rnd,b,22,1768
jrnd,30,6,5,rnd,b,23,1386
jrnd,30,6,5,rnd,b,24,998
jrnd,30,6,5,rnd,b,25,754
jrnd,30,6,5,rnd,b,26,464
jrnd,30,6,5,rnd,b,27,266
jrnd,30,6,5,rnd,b,28,104
jrnd,30,6,5,rnd,b,29,20
jrnd,30,6,5,rnd,b,30,0
jrnd,30,6,5,rnd,f,1,5140
jrnd,30,6,5,rnd,f,2,5106
jrnd,30,6,5,rnd,f,3,5084
jrnd,30,6,5,rnd,f,4,4856
jrnd,30,6,5,rnd,f,5,4950
jrnd,30,6,5,rnd,f,6,4714
jrnd,30,6,5,rnd,f,7,4706
jrnd,30,6,5,rnd,f,8,4580
jrnd,30,6,5,rnd,f,9,4324
jrnd,30,6,5,rnd,f,10,4214
jrnd,30,6,5,rnd,f,11,4080
jrnd,30,6,5,rnd,f,12,3914
jrnd,30,6,5,rnd,f,13,3914
jrnd,30,6,5,rnd,f,14,3672
jrnd,30,6,5,rnd,f,15,3570
jrnd,30,6,5,rnd,f,16,3192
jrnd,30,6,5,rnd,f,17,2998
jrnd,30,6,5,rnd,f,18,2806
jrnd,30,6,5,rnd,f,19,2516
jrnd,30,6,5,rnd,f,20,2292
jrnd,30,6,5,rnd,f,21,1836
jrnd,30,6,5,rnd,f,22,1608
jrnd,30,6,5,rnd,f,23,1280
jrnd,30,6,5,rnd,f,24,948
jrnd,30,6,5,rnd,f,25,740
jrnd,30,6,5,rnd,f,26,458
jrnd,30,6,5,rnd,f,27,264
jrnd,30,6,5,rnd,f,28,104
jrnd,30,6,5,rnd,f,29,20
jrnd,30,6,5,rnd,f,30,0
jrnd,30,6,5,rnd,p,1,4550
jrnd,30,6,5,rnd,p,2,4470
jrnd,30,6,5,rnd,p,3,4500
jrnd,30,6,5,rnd,p,4,4380
jrnd,30,6,5,rnd,p,5,4290
jrnd,30,6,5,rnd,p,6,4190
jrnd,30,6,5,rnd,p,7,4240
jrnd,30,6,5,rnd,p,8,4184
jrnd,30,6,5,rnd,p,9,4014
jrnd,30,6,5,rnd,p,10,3910
jrnd,30,6,5,rnd,p,11,3734
jrnd,30,6,5,rnd,p,12,3580
jrnd,30,6,5,rnd,p,13,3590
jrnd,30,6,5,rnd,p,14,3424
jrnd,30,6,5,rnd,p,15,3342
jrnd,30,6,5,rnd,p,16,3000
jrnd,30,6,5,rnd,p,17,2862
jrnd,30,6,5,rnd,p,18,2730
jrnd,30,6,5,rnd,p,19,2412
jrnd,30,6,5,rnd,p,20,2204
jrnd,30,6,5,rnd,p,21,1786
jrnd,30,6,5,rnd,p,22,1586
jrnd,30,6,5,rnd,p,23,1262
jrnd,30,6,5,rnd,p,24,938
jrnd,30,6,5,rnd,p,25,730
jrnd,30,6,5,rnd,p,26,458
jrnd,30,6,5,rnd,p,27,264
jrnd,30,6,5,rnd,p,28,104
jrnd,30,6,5,rnd,p,29,20
jrnd,30,6,5,rnd,p,30,0
jrndn,30,6,5,opt,b,1,6732
jrndn,30,6,5,opt,b,2,7092
jrndn,30,6,5,opt,b,3,7216
jrndn,30,6,5,opt,b,4,7456
jrndn,30,6,5,opt,b,5,7412
jrndn,30,6,5,opt,b,6,7518
jrndn,30,6,5,opt,b,7,7480
jrndn,30,6,5,opt,b,8,7484
jrndn,30,6,5,opt,b,9,7588
jrndn,30,6,5,opt,b,10,7536
jrndn,30,6,5,opt,b,11,7502
jrndn,30,6,5,opt,b,12,7392
jrndn,30,6,5,opt,b,13,7284
jrndn,30,6,5,opt,b,14,7236
jrndn,30,6,5,opt,b,15,7156
jrndn,30,6,5,opt,b,16,6932
jrndn,30,6,5,opt,b,17,6728
jrndn,30,6,5,opt,b,18,6536
jrndn,30,6,5,opt,b,19,6112
jrndn,30,6,5,opt,b,20,5702
jrndn,30,6,5,opt,b,21,5320
jrndn,30,6,5,opt,b,22,4644
jrndn,30,6,5,opt,b,23,3910
jrndn,30,6,5,opt,b,24,3236
jrndn,30,6,5,opt,b,25,2482
jrndn,30,6,5,opt,b,26,1826
jrndn,30,6,5,opt,b,27,1066
jrndn,30,6,5,opt,b,28,456
jrndn,30,6,5,opt,b,29,110
jrndn,30,6,5,opt,b,30,0
jrndn,30,6,5,opt,f,1,5188
jrndn,30,6,5,opt,f,2,5360
jrndn,30,6,5,opt,f,3,5426
jrndn,30,6,5,opt,f,4,5522
jrndn,30,6,5,opt,f,5,5456
jrndn,30,6,5,opt,f,6,5492
jrndn,30,6,5,opt,f,7,5492
jrndn,30,6,5,opt,f,8,5410
jrndn,30,6,5,opt,f,9,5394
jrndn,30,6,5,opt,f,10,5444
jrndn,30,6,5,opt,f,11,5376
jrndn,30,6,5,opt,f,12,5312
jrndn,30,6,5,opt,f,13,5228
jrndn,30,6,5,opt,f,14,5170
jrndn,30,6,5,opt,f,15,5154
jrndn,30,6,5,opt,f,16,4996
jrndn,30,6,5,opt,f,17,4924
jrndn,30,6,5,opt,f,18,4806
jrndn,30,6,5,opt,f,19,4500
jrndn,30,6,5,opt,f,20,4306
jrndn,30,6,5,opt,f,21,4098
jrndn,30,6,5,opt,f,22,3704
jrndn,30,6,5,opt,f,23,3220
jrndn,30,6,5,opt,f,24,2758
jrndn,30,6,5,opt,f,25,2224
jrndn,30,6,5,opt,f,26,1722
jrndn,30,6,5,opt,f,27,1054
jrndn,30,6,5,opt,f,28,456
jrndn,30,6,5,opt,f,29,110
jrndn,30,6,5,opt,f,30,0
jrndn,30,6,5,opt,p,1,4580
jrndn,30,6,5,opt,p,2,4710
jrndn,30,6,5,opt,p,3,4780
jrndn,30,6,5,opt,p,4,4820
jrndn,30,6,5,opt,p,5,4770
jrndn,30,6,5,opt,p,6,4850
jrndn,30,6,5,opt,p,7,4800
jrndn,30,6,5,opt,p,8,4808
jrndn,30,6,5,opt,p,9,4856
jrndn,30,6,5,opt,p,10,4852
jrndn,30,6,5,opt,p,11,4850
jrndn,30,6,5,opt,p,12,4800
jrndn,30,6,5,opt,p,13,4732
jrndn,30,6,5,opt,p,14,4730
jrndn,30,6,5,opt,p,15,4682
jrndn,30,6,5,opt,p,16,4590
jrndn,30,6,5,opt,p,17,4544
jrndn,30,6,5,opt,p,18,4468
jrndn,30,6,5,opt,p,19,4240
jrndn,30,6,5,opt,p,20,4094
jrndn,30,6,5,opt,p,21,3872
jrndn,30,6,5,opt,p,22,3542
jrndn,30,6,5,opt,p,23,3114
jrndn,30,6,5,opt,p,24,2700
jrndn,30,6,5,opt,p,25,2178
jrndn,30,6,5,opt,p,26,1710
jrndn,30,6,5,opt,p,27,1054
jrndn,30,6,5,opt,p,28,456
jrndn,30,6,5,opt,p,29,110
jrndn,30,6,5,opt,p,30,0
jrndn,30,6,5,cma,b,1,6732
jrndn,30,6,5,cma,b,2,6466
jrndn,30,6,5,cma,b,3,6630
jrndn,30,6,5,cma,b,4,6710
jrndn,30,6,5,cma,b,5,6834
jrndn,30,6,5,cma,b,6,6578
jrndn,30,6,5,cma,b,7,6340
jrndn,30,6,5,cma,b,8,6228
jrndn,30,6,5,cma,b,9,6356
jrndn,30,6,5,cma,b,10,6358
jrndn,30,6,5,cma,b,11,6144
jrndn,30,6,5,cma,b,12,5942
jrndn,30,6,5,cma,b,13,6046
jrndn,30,6,5,cma,b,14,5918
jrndn,30,6,5,cma,b,15,5910
jrndn,30,6,5,cma,b,16,6112
jrndn,30,6,5,cma,b,17,6218
jrndn,30,6,5,cma,b,18,6310
jrndn,30,6,5,cma,b,19,6164
jrndn,30,6,5,cma,b,20,6178
jrndn,30,6,5,cma,b,21,6300
jrndn,30,6,5,cma,b,22,6116
jrndn,30,6,5,cma,b,23,5646
jrndn,30,6,5,cma,b,24,5004
jrndn,30,6,5,cma,b,25,3988
jrndn,30,6,5,cma,b,26,2768
jrndn,30,6,5,cma,b,27,1620
jrndn,30,6,5,cma,b,28,676
jrndn,30,6,5,cma,b,29,154
jrndn,30,6,5,cma,b,30,0
jrndn,30,6,5,cma,f,1,5188
jrndn,30,6,5,cma,f,2,5070
jrndn,30,6,5,cma,f,3,5180
jrndn,30,6,5,cma,f,4,5122
jrndn,30,6,5,cma,f,5,5212
jrndn,30,6,5,cma,f,6,5104
jrndn,30,6,5,cma,f,7,4910
jrndn,30,6,5,cma,f,8,4826
jrndn,30,6,5,cma,f,9,5040
jrndn,30,6,5,cma,f,10,4990
jrndn,30,6,5,cma,f,11,4864
jrndn,30,6,5,cma,f,12,4642
jrndn,30,6,5,cma,f,13,4726
jrndn,30,6,5,cma,f,14,4674
jrndn,30,6,5,cma,f,15,4644
jrndn,30,6,5,cma,f,16,4716
jrndn,30,6,5,cma,f,17,4734
jrndn,30,6,5,cma,f,18,4690
jrndn,30,6,5,cma,f,19,4594
jrndn,30,6,5,cma,f,20,4624
jrndn,30,6,5,cma,f,21,4694
jrndn,30,6,5,cma,f,22,4652
jrndn,30,6,5,cma,f,23,4312
jrndn,30,6,5,cma,f,24,3938
jrndn,30,6,5,cma,f,25,3290
jrndn,30,6,5,cma,f,26,2392
jrndn,30,6,5,cma,f,27,1514
jrndn,30,6,5,cma,f,28,676
jrndn,30,6,5,cma,f,29,154
jrndn,30,6,5,cma,f,30,0
jrndn,30,6,5,cma,p,1,4580
jrndn,30,6,5,cma,p,2,4440
jrndn,30,6,5,cma,p,3,4570
jrndn,30,6,5,cma,p,4,4570
jrndn,30,6,5,cma,p,5,4650
jrndn,30,6,5,cma,p,6,4540
jrndn,30,6,5,cma,p,7,4400
jrndn,30,6,5,cma,p,8,4340
jrndn,30,6,5,cma,p,9,4510
jrndn,30,6,5,cma,p,10,4400
jrndn,30,6,5,cma,p,11,4350
jrndn,30,6,5,cma,p,12,4180
jrndn,30,6,5,cma,p,13,4240
jrndn,30,6,5,cma,p,14,4220
jrndn,30,6,5,cma,p,15,4230
jrndn,30,6,5,cma,p,16,4370
jrndn,30,6,5,cma,p,17,4400
jrndn,30,6,5,cma,p,18,4388
jrndn,30,6,5,cma,p,19,4346
jrndn,30,6,5,cma,p,20,4352
jrndn,30,6,5,cma,p,21,4472
jrndn,30,6,5,cma,p,22,4410
jrndn,30,6,5,cma,p,23,4072
jrndn,30,6,5,cma,p,24,3798
jrndn,30,6,5,cma,p,25,3192
jrndn,30,6,5,cma,p,26,2342
jrndn,30,6,5,cma,p,27,1494
jrndn,30,6,5,cma,p,28,676
jrndn,30,6,5,cma,p,29,154
jrndn,30,6,5,cma,p,30,0
jrndn,30,6,5,mwr,b,1,6732
jrndn,30,6,5,mwr,b,2,6472
jrndn,30,6,5,mwr,b,3,6434
jrndn,30,6,5,mwr,b,4,6288
jrndn,30,6,5,mwr,b,5,6104
jrndn,30,6,5,mwr,b,6,6150
jrndn,30,6,5,mwr,b,7,6380
jrndn,30,6,5,mwr,b,8,6106
jrndn,30,6,5,mwr,b,9,6022
jrndn,30,6,5,mwr,b,10,5842
jrndn,30,6,5,mwr,b,11,5586
jrndn,30,6,5,mwr,b,12,5504
jrndn,30,6,5,mwr,b,13,5652
jrndn,30,6,5,mwr,b,14,5502
jrndn,30,6,5,mwr,b,15,5148
jrndn,30,6,5,mwr,b,16,5244
jrndn,30,6,5,mwr,b,17,5426
jrndn,30,6,5,mwr,b,18,5164
jrndn,30,6,5,mwr,b,19,4992
jrndn,30,6,5,mwr,b,20,4872
jrndn,30,6,5,mwr,b,21,4624
jrndn,30,6,5,mwr,b,22,4628
jrndn,30,6,5,mwr,b,23,4588
jrndn,30,6,5,mwr,b,24,4344
jrndn,30,6,5,mwr,b,25,3890
jrndn,30,6,5,mwr,b,26,1900
jrndn,30,6,5,mwr,b,27,788
jrndn,30,6,5,mwr,b,28,256
jrndn,30,6,5,mwr,b,29,42
jrndn,30,6,5,mwr,b,30,0
jrndn,30,6,5,mwr,f,1,5188
jrndn,30,6,5,mwr,f,2,5050
jrndn,30,6,5,mwr,f,3,4984
jrndn,30,6,5,mwr,f,4,4862
jrndn,30,6,5,mwr,f,5,4846
jrndn,30,6,5,mwr,f,6,4872
jrndn,30,6,5,mwr,f,7,5000
jrndn,30,6,5,mwr,f,8,4802
jrndn,30,6,5,mwr,f,9,4714
jrndn,30,6,5,mwr,f,10,4666
jrndn,30,6,5,mwr,f,11,4500
jrndn,30,6,5,mwr,f,12,4368
jrndn,30,6,5,mwr,f,13,4600
jrndn,30,6,5,mwr,f,14,4488
jrndn,30,6,5,mwr,f,15,4190
jrndn,30,6,5,mwr,f,16,4216
jrndn,30,6,5,mwr,f,17,4350
jrndn,30,6,5,mwr,f,18,4056
jrndn,30,6,5,mwr,f,19,3948
jrndn,30,6,5,mwr,f,20,4004
jrndn,30,6,5,mwr,f,21,3748
jrndn,30,6,5,mwr,f,22,3718
jrndn,30,6,5,mwr,f,23,3694
jrndn,30,6,5,mwr,f,24,3558
jrndn,30,6,5,mwr,f,25,3110
jrndn,30,6,5,mwr,f,26,1644
jrndn,30,6,5,mwr,f,27,740
jrndn,30,6,5,mwr,f,28,256
jrndn,30,6,5,mwr,f,29,42
jrndn,30,6,5,mwr,f,30,0
jrndn,30,6,5,mwr,p,1,4580
jrndn,30,6,5,mwr,p,2,4430
jrndn,30,6,5,mwr,p,3,4430
jrndn,30,6,5,mwr,p,4,4350
jrndn,30,6,5,mwr,p,5,4320
jrndn,30,6,5,mwr,p,6,4360
jrndn,30,6,5,mwr,p,7,4400
jrndn,30,6,5,mwr,p,8,4320
jrndn,30,6,5,mwr,p,9,4210
jrndn,30,6,5,mwr,p,10,4210
jrndn,30,6,5,mwr,p,11,4060
jrndn,30,6,5,mwr,p,12,3950
jrndn,30,6,5,mwr,p,13,4080
jrndn,30,6,5,mwr,p,14,4010
jrndn,30,6,5,mwr,p,15,3800
jrndn,30,6,5,mwr,p,16,3900
jrndn,30,6,5,mwr,p,17,4000
jrndn,30,6,5,mwr,p,18,3840
jrndn,30,6,5,mwr,p,19,3760
jrndn,30,6,5,mwr,p,20,3730
jrndn,30,6,5,mwr,p,21,3540
jrndn,30,6,5,mwr,p,22,3560
jrndn,30,6,5,mwr,p,23,3510
jrndn,30,6,5,mwr,p,24,3420
jrndn,30,6,5,mwr,p,25,3000
jrndn,30,6,5,mwr,p,26,1608
jrndn,30,6,5,mwr,p,27,732
jrndn,30,6,5,mwr,p,28,256
jrndn,30,6,5,mwr,p,29,42
jrndn,30,6,5,mwr,p,30,0
jrndn,30,6,5,lwr,b,1,6732
jrndn,30,6,5,lwr,b,2,6766
jrndn,30,6,5,lwr,b,3,6334
jrndn,30,6,5,lwr,b,4,6046
jrndn,30,6,5,lwr,b,5,5622
jrndn,30,6,5,lwr,b,6,3436
jrndn,30,6,5,lwr,b,7,3372
jrndn,30,6,5,lwr,b,8,2912
jrndn,30,6,5,lwr,b,9,3184
jrndn,30,6,5,lwr,b,10,3216
jrndn,30,6,5,lwr,b,11,1452
jrndn,30,6,5,lwr,b,12,1456
jrndn,30,6,5,lwr,b,13,1554
jrndn,30,6,5,lwr,b,14,1752
jrndn,30,6,5,lwr,b,15,1710
jrndn,30,6,5,lwr,b,16,616
jrndn,30,6,5,lwr,b,17,552
jrndn,30,6,5,lwr,b,18,608
jrndn,30,6,5,lwr,b,19,676
jrndn,30,6,5,lwr,b,20,760
jrndn,30,6,5,lwr,b,21,124
jrndn,30,6,5,lwr,b,22,106
jrndn,30,6,5,lwr,b,23,118
jrndn,30,6,5,lwr,b,24,138
jrndn,30,6,5,lwr,b,25,222
jrndn,30,6,5,lwr,b,26,0
jrndn,30,6,5,lwr,b,27,0
jrndn,30,6,5,lwr,b,28,0
jrndn,30,6,5,lwr,b,29,0
jrndn,30,6,5,lwr,b,30,0
jrndn,30,6,5,lwr,f,1,5188
jrndn,30,6,5,lwr,f,2,5212
jrndn,30,6,5,lwr,f,3,4968
jrndn,30,6,5,lwr,f,4,4778
jrndn,30,6,5,lwr,f,5,4478
jrndn,30,6,5,lwr,f,6,3078
jrndn,30,6,5,lwr,f,7,2980
jrndn,30,6,5,lwr,f,8,2556
jrndn,30,6,5,lwr,f,9,2832
jrndn,30,6,5,lwr,f,10,2842
jrndn,30,6,5,lwr,f,11,1418
jrndn,30,6,5,lwr,f,12,1398
jrndn,30,6,5,lwr,f,13,1502
jrndn,30,6,5,lwr,f,14,1672
jrndn,30,6,5,lwr,f,15,1620
jrndn,30,6,5,lwr,f,16,616
jrndn,30,6,5,lwr,f,17,552
jrndn,30,6,5,lwr,f,18,608
jrndn,30,6,5,lwr,f,19,676
jrndn,30,6,5,lwr,f,20,760
jrndn,30,6,5,lwr,f,21,124
jrndn,30,6,5,lwr,f,22,106
jrndn,30,6,5,lwr,f,23,118
jrndn,30,6,5,lwr,f,24,138
jrndn,30,6,5,lwr,f,25,222
jrndn,30,6,5,lwr,f,26,0
jrndn,30,6,5,lwr,f,27,0
jrndn,30,6,5,lwr,f,28,0
jrndn,30,6,5,lwr,f,29,0
jrndn,30,6,5,lwr,f,30,0
jrndn,30,6,5,lwr,p,1,4580
jrndn,30,6,5,lwr,p,2,4650
jrndn,30,6,5,lwr,p,3,4320
jrndn,30,6,5,lwr,p,4,4190
jrndn,30,6,5,lwr,p,5,3960
jrndn,30,6,5,lwr,p,6,2776
jrndn,30,6,5,lwr,p,7,2768
jrndn,30,6,5,lwr,p,8,2384
jrndn,30,6,5,lwr,p,9,2672
jrndn,30,6,5,lwr,p,10,2648
jrndn,30,6,5,lwr,p,11,1368
jrndn,30,6,5,lwr,p,12,1350
jrndn,30,6,5,lwr,p,13,1446
jrndn,30,6,5,lwr,p,14,1632
jrndn,30,6,5,lwr,p,15,1578
jrndn,30,6,5,lwr,p,16,616
jrndn,30,6,5,lwr,p,17,552
jrndn,30,6,5,lwr,p,18,608
jrndn,30,6,5,lwr,p,19,676
jrndn,30,6,5,lwr,p,20,760
jrndn,30,6,5,lwr,p,21,124
jrndn,30,6,5,lwr,p,22,106
jrndn,30,6,5,lwr,p,23,118
jrndn,30,6,5,lwr,p,24,138
jrndn,30,6,5,lwr,p,25,222
jrndn,30,6,5,lwr,p,26,0
jrndn,30,6,5,lwr,p,27,0
jrndn,30,6,5,lwr,p,28,0
jrndn,30,6,5,lwr,p,29,0
jrndn,30,6,5,lwr,p,30,0
jrndn,30,6,5,rnd,b,1,6732
jrndn,30,6,5,rnd,b,2,6768
jrndn,30,6,5,rnd,b,3,6522
jrndn,30,6,5,rnd,b,4,6182
jrndn,30,6,5,rnd,b,5,6064
jrndn,30,6,5,rnd,b,6,5918
jrndn,30,6,5,rnd,b,7,5874
jrndn,30,6,5,rnd,b,8,5778
jrndn,30,6,5,rnd,b,9,5660
jrndn,30,6,5,rnd,b,10,5274
jrndn,30,6,5,rnd,b,11,5216
jrndn,30,6,5,rnd,b,12,4896
jrndn,30,6,5,rnd,b,13,4796
jrndn,30,6,5,rnd,b,14,4528
jrndn,30,6,5,rnd,b,15,4154
jrndn,30,6,5,rnd,b,16,3794
jrndn,30,6,5,rnd,b,17,3434
jrndn,30,6,5,rnd,b,18,3266
jrndn,30,6,5,rnd,b,19,2812
jrndn,30,6,5,rnd,b,20,2332
jrndn,30,6,5,rnd,b,21,1934
jrndn,30,6,5,rnd,b,22,1588
jrndn,30,6,5,rnd,b,23,1292
jrndn,30,6,5,rnd,b,24,970
jrndn,30,6,5,rnd,b,25,736
jrndn,30,6,5,rnd,b,26,462
jrndn,30,6,5,rnd,b,27,300
jrndn,30,6,5,rnd,b,28,102
jrndn,30,6,5,rnd,b,29,22
jrndn,30,6,5,rnd,b,30,0
jrndn,30,6,5,rnd,f,1,5188
jrndn,30,6,5,rnd,f,2,5334
jrndn,30,6,5,rnd,f,3,5096
jrndn,30,6,5,rnd,f,4,4782
jrndn,30,6,5,rnd,f,5,4822
jrndn,30,6,5,rnd,f,6,4660
jrndn,30,6,5,rnd,f,7,4616
jrndn,30,6,5,rnd,f,8,4496
jrndn,30,6,5,rnd,f,9,4452
jrndn,30,6,5,rnd,f,10,4270
jrndn,30,6,5,rnd,f,11,4128
jrndn,30,6,5,rnd,f,12,3888
jrndn,30,6,5,rnd,f,13,3914
jrndn,30,6,5,rnd,f,14,3704
jrndn,30,6,5,rnd,f,15,3444
jrndn,30,6,5,rnd,f,16,3152
jrndn,30,6,5,rnd,f,17,2870
jrndn,30,6,5,rnd,f,18,2686
jrndn,30,6,5,rnd,f,19,2446
jrndn,30,6,5,rnd,f,20,2066
jrndn,30,6,5,rnd,f,21,1744
jrndn,30,6,5,rnd,f,22,1474
jrndn,30,6,5,rnd,f,23,1224
jrndn,30,6,5,rnd,f,24,926
jrndn,30,6,5,rnd,f,25,704
jrndn,30,6,5,rnd,f,26,450
jrndn,30,6,5,rnd,f,27,296
jrndn,30,6,5,rnd,f,28,102
jrndn,30,6,5,rnd,f,29,22
jrndn,30,6,5,rnd,f,30,0
jrndn,30,6,5,rnd,p,1,4580
jrndn,30,6,5,rnd,p,2,4640
jrndn,30,6,5,rnd,p,3,4470
jrndn,30,6,5,rnd,p,4,4310
jrndn,30,6,5,rnd,p,5,4260
jrndn,30,6,5,rnd,p,6,4220
jrndn,30,6,5,rnd,p,7,4226
jrndn,30,6,5,rnd,p,8,4104
jrndn,30,6,5,rnd,p,9,4104
jrndn,30,6,5,rnd,p,10,3980
jrndn,30,6,5,rnd,p,11,3872
jrndn,30,6,5,rnd,p,12,3664
jrndn,30,6,5,rnd,p,13,3624
jrndn,30,6,5,rnd,p,14,3486
jrndn,30,6,5,rnd,p,15,3266
jrndn,30,6,5,rnd,p,16,2984
jrndn,30,6,5,rnd,p,17,2738
jrndn,30,6,5,rnd,p,18,2622
jrndn,30,6,5,rnd,p,19,2384
jrndn,30,6,5,rnd,p,20,2020
jrndn,30,6,5,rnd,p,21,1706
jrndn,30,6,5,rnd,p,22,1468
jrndn,30,6,5,rnd,p,23,1218
jrndn,30,6,5,rnd,p,24,920
jrndn,30,6,5,rnd,p,25,698
jrndn,30,6,5,rnd,p,26,450
jrndn,30,6,5,rnd,p,27,294
jrndn,30,6,5,rnd,p,28,102
jrndn,30,6,5,rnd,p,29,22
jrndn,30,6,5,rnd,p,30,0
fjc,30,6,5,opt,b,1,7912
fjc,30,6,5,opt,b,2,7986
fjc,30,6,5,opt,b,3,7608
fjc,30,6,5,opt,b,4,7298
fjc,30,6,5,opt,b,5,6926
fjc,30,6,5,opt,b,6,6532
fjc,30,6,5,opt,b,7,5972
fjc,30,6,5,opt,b,8,5554
fjc,30,6,5,opt,b,9,5146
fjc,30,6,5,opt,b,10,4566
fjc,30,6,5,opt,b,11,4238
fjc,30,6,5,opt,b,12,3902
fjc,30,6,5,opt,b,13,3744
fjc,30,6,5,opt,b,14,3462
fjc,30,6,5,opt,b,15,3262
fjc,30,6,5,opt,b,16,2920
fjc,30,6,5,opt,b,17,2880
fjc,30,6,5,opt,b,18,2800
fjc,30,6,5,opt,b,19,2542
fjc,30,6,5,opt,b,20,2352
fjc,30,6,5,opt,b,21,2220
fjc,30,6,5,opt,b,22,2012
fjc,30,6,5,opt,b,23,1740
fjc,30,6,5,opt,b,24,1494
fjc,30,6,5,opt,b,25,1312
fjc,30,6,5,opt,b,26,1072
fjc,30,6,5,opt,b,27,828
fjc,30,6,5,opt,b,28,490
fjc,30,6,5,opt,b,29,330
fjc,30,6,5,opt,b,30,0
fjc,30,6,5,opt,f,1,5836
fjc,30,6,5,opt,f,2,5700
fjc,30,6,5,opt,f,3,5476
fjc,30,6,5,opt,f,4,5248
fjc,30,6,5,opt,f,5,4846
fjc,30,6,5,opt,f,6,4700
fjc,30,6,5,opt,f,7,4400
fjc,30,6,5,opt,f,8,4142
fjc,30,6,5,opt,f,9,4006
fjc,30,6,5,opt,f,10,3604
fjc,30,6,5,opt,f,11,3364
fjc,30,6,5,opt,f,12,3210
fjc,30,6,5,opt,f,13,3112
fjc,30,6,5,opt,f,14,2882
fjc,30,6,5,opt,f,15,2778
fjc,30,6,5,opt,f,16,2490
fjc,30,6,5,opt,f,17,2472
fjc,30,6,5,opt,f,18,2408
fjc,30,6,5,opt,f,19,2170
fjc,30,6,5,opt,f,20,2032
fjc,30,6,5,opt,f,21,1906
fjc,30,6,5,opt,f,22,1754
fjc,30,6,5,opt,f,23,1554
fjc,30,6,5,opt,f,24,1360
fjc,30,6,5,opt,f,25,1196
fjc,30,6,5,opt,f,26,992
fjc,30,6,5,opt,f,27,806
fjc,30,6,5,opt,f,28,490
fjc,30,6,5,opt,f,29,330
fjc,30,6,5,opt,f,30,0
fjc,30,6,5,opt,p,1,5000
fjc,30,6,5,opt,p,2,4860
fjc,30,6,5,opt,p,3,4670
fjc,30,6,5,opt,p,4,4580
fjc,30,6,5,opt,p,5,4370
fjc,30,6,5,opt,p,6,4330
fjc,30,6,5,opt,p,7,4110
fjc,30,6,5,opt,p,8,3934
fjc,30,6,5,opt,p,9,3840
fjc,30,6,5,opt,p,10,3510
fjc,30,6,5,opt,p,11,3294
fjc,30,6,5,opt,p,12,3156
fjc,30,6,5,opt,p,13,3072
fjc,30,6,5,opt,p,14,2856
fjc,30,6,5,opt,p,15,2740
fjc,30,6,5,opt,p,16,2440
fjc,30,6,5,opt,p,17,2418
fjc,30,6,5,opt,p,18,2356
fjc,30,6,5,opt,p,19,2128
fjc,30,6,5,opt,p,20,2008
fjc,30,6,5,opt,p,21,1894
fjc,30,6,5,opt,p,22,1738
fjc,30,6,5,opt,p,23,1544
fjc,30,6,5,opt,p,24,1338
fjc,30,6,5,opt,p,25,1184
fjc,30,6,5,opt,p,26,990
fjc,30,6,5,opt,p,27,800
fjc,30,6,5,opt,p,28,490
fjc,30,6,5,opt,p,29,330
fjc,30,6,5,opt,p,30,0
fjc,30,6,5,cma,b,1,7912
fjc,30,6,5,cma,b,2,7774
fjc,30,6,5,cma,b,3,7756
fjc,30,6,5,cma,b,4,6618
fjc,30,6,5,cma,b,5,6542
fjc,30,6,5,cma,b,6,6474
fjc,30,6,5,cma,b,7,4990
fjc,30,6,5,cma,b,8,2674
fjc,30,6,5,cma,b,9,1478
fjc,30,6,5,cma,b,10,1460
fjc,30,6,5,cma,b,11,1556
fjc,30,6,5,cma,b,12,1220
fjc,30,6,5,cma,b,13,480
fjc,30,6,5,cma,b,14,332
fjc,30,6,5,cma,b,15,384
fjc,30,6,5,cma,b,16,1128
fjc,30,6,5,cma,b,17,466
fjc,30,6,5,cma,b,18,22
fjc,30,6,5,cma,b,19,30
fjc,30,6,5,cma,b,20,270
fjc,30,6,5,cma,b,21,320
fjc,30,6,5,cma,b,22,334
fjc,30,6,5,cma,b,23,6
fjc,30,6,5,cma,b,24,12
fjc,30,6,5,cma,b,25,4
fjc,30,6,5,cma,b,26,116
fjc,30,6,5,cma,b,27,76
fjc,30,6,5,cma,b,28,0
fjc,30,6,5,cma,b,29,164
fjc,30,6,5,cma,b,30,0
fjc,30,6,5,cma,f,1,5836
fjc,30,6,5,cma,f,2,5642
fjc,30,6,5,cma,f,3,5638
fjc,30,6,5,cma,f,4,4826
fjc,30,6,5,cma,f,5,4788
fjc,30,6,5,cma,f,6,4746
fjc,30,6,5,cma,f,7,3720
fjc,30,6,5,cma,f,8,2144
fjc,30,6,5,cma,f,9,1212
fjc,30,6,5,cma,f,10,1196
fjc,30,6,5,cma,f,11,1324
fjc,30,6,5,cma,f,12,1052
fjc,30,6,5,cma,f,13,452
fjc,30,6,5,cma,f,14,332
fjc,30,6,5,cma,f,15,384
fjc,30,6,5,cma,f,16,1128
fjc,30,6,5,cma,f,17,466
fjc,30,6,5,cma,f,18,22
fjc,30,6,5,cma,f,19,30
fjc,30,6,5,cma,f,20,270
fjc,30,6,5,cma,f,21,320
fjc,30,6,5,cma,f,22,334
fjc,30,6,5,cma,f,23,6
fjc,30,6,5,cma,f,24,12
fjc,30,6,5,cma,f,25,4
fjc,30,6,5,cma,f,26,116
fjc,30,6,5,cma,f,27,76
fjc,30,6,5,cma,f,28,0
fjc,30,6,5,cma,f,29,164
fjc,30,6,5,cma,f,30,0
fjc,30,6,5,cma,p,1,5000
fjc,30,6,5,cma,p,2,4770
fjc,30,6,5,cma,p,3,4760
fjc,30,6,5,cma,p,4,4150
fjc,30,6,5,cma,p,5,4120
fjc,30,6,5,cma,p,6,4090
fjc,30,6,5,cma,p,7,3252
fjc,30,6,5,cma,p,8,1928
fjc,30,6,5,cma,p,9,1140
fjc,30,6,5,cma,p,10,1128
fjc,30,6,5,cma,p,11,1264
fjc,30,6,5,cma,p,12,1016
fjc,30,6,5,cma,p,13,450
fjc,30,6,5,cma,p,14,332
fjc,30,6,5,cma,p,15,384
fjc,30,6,5,cma,p,16,1128
fjc,30,6,5,cma,p,17,466
fjc,30,6,5,cma,p,18,22
fjc,30,6,5,cma,p,19,30
fjc,30,6,5,cma,p,20,270
fjc,30,6,5,cma,p,21,320
fjc,30,6,5,cma,p,22,334
fjc,30,6,5,cma,p,23,6
fjc,30,6,5,cma,p,24,12
fjc,30,6,5,cma,p,25,4
fjc,30,6,5,cma,p,26,116
fjc,30,6,5,cma,p,27,76
fjc,30,6,5,cma,p,28,0
fjc,30,6,5,cma,p,29,164
fjc,30,6,5,cma,p,30,0
fjc,30,6,5,mwr,b,1,7912
fjc,30,6,5,mwr,b,2,1328
fjc,30,6,5,mwr,b,3,3568
fjc,30,6,5,mwr,b,4,3492
fjc,30,6,5,mwr,b,5,4382
fjc,30,6,5,mwr,b,6,4284
fjc,30,6,5,mwr,b,7,4632
fjc,30,6,5,mwr,b,8,4770
fjc,30,6,5,mwr,b,9,4954
fjc,30,6,5,mwr,b,10,5076
fjc,30,6,5,mwr,b,11,5090
fjc,30,6,5,mwr,b,12,5378
fjc,30,6,5,mwr,b,13,5668
fjc,30,6,5,mwr,b,14,6004
fjc,30,6,5,mwr,b,15,6108
fjc,30,6,5,mwr,b,16,6342
fjc,30,6,5,mwr,b,17,6576
fjc,30,6,5,mwr,b,18,6682
fjc,30,6,5,mwr,b,19,6794
fjc,30,6,5,mwr,b,20,7028
fjc,30,6,5,mwr,b,21,7136
fjc,30,6,5,mwr,b,22,7266
fjc,30,6,5,mwr,b,23,7148
fjc,30,6,5,mwr,b,24,6546
fjc,30,6,5,mwr,b,25,5002
fjc,30,6,5,mwr,b,26,3586
fjc,30,6,5,mwr,b,27,2422
fjc,30,6,5,mwr,b,28,1500
fjc,30,6,5,mwr,b,29,414
fjc,30,6,5,mwr,b,30,0
fjc,30,6,5,mwr,f,1,5836
fjc,30,6,5,mwr,f,2,1054
fjc,30,6,5,mwr,f,3,3468
fjc,30,6,5,mwr,f,4,2370
fjc,30,6,5,mwr,f,5,3758
fjc,30,6,5,mwr,f,6,3554
fjc,30,6,5,mwr,f,7,3540
fjc,30,6,5,mwr,f,8,3600
fjc,30,6,5,mwr,f,9,3800
fjc,30,6,5,mwr,f,10,3870
fjc,30,6,5,mwr,f,11,3940
fjc,30,6,5,mwr,f,12,4026
fjc,30,6,5,mwr,f,13,4146
fjc,30,6,5,mwr,f,14,4276
fjc,30,6,5,mwr,f,15,4334
fjc,30,6,5,mwr,f,16,4398
fjc,30,6,5,mwr,f,17,4540
fjc,30,6,5,mwr,f,18,4588
fjc,30,6,5,mwr,f,19,4678
fjc,30,6,5,mwr,f,20,4686
fjc,30,6,5,mwr,f,21,4634
fjc,30,6,5,mwr,f,22,4550
fjc,30,6,5,mwr,f,23,4444
fjc,30,6,5,mwr,f,24,4214
fjc,30,6,5,mwr,f,25,3876
fjc,30,6,5,mwr,f,26,3154
fjc,30,6,5,mwr,f,27,2312
fjc,30,6,5,mwr,f,28,1500
fjc,30,6,5,mwr,f,29,414
fjc,30,6,5,mwr,f,30,0
fjc,30,6,5,mwr,p,1,5000
fjc,30,6,5,mwr,p,2,940
fjc,30,6,5,mwr,p,3,3420
fjc,30,6,5,mwr,p,4,2350
fjc,30,6,5,mwr,p,5,3740
fjc,30,6,5,mwr,p,6,3540
fjc,30,6,5,mwr,p,7,3540
fjc,30,6,5,mwr,p,8,3600
fjc,30,6,5,mwr,p,9,3800
fjc,30,6,5,mwr,p,10,3870
fjc,30,6,5,mwr,p,11,3940
fjc,30,6,5,mwr,p,12,4020
fjc,30,6,5,mwr,p,13,4140
fjc,30,6,5,mwr,p,14,4270
fjc,30,6,5,mwr,p,15,4328
fjc,30,6,5,mwr,p,16,4396
fjc,30,6,5,mwr,p,17,4534
fjc,30,6,5,mwr,p,18,4584
fjc,30,6,5,mwr,p,19,4664
fjc,30,6,5,mwr,p,20,4662
fjc,30,6,5,mwr,p,21,4612
fjc,30,6,5,mwr,p,22,4528
fjc,30,6,5,mwr,p,23,4406
fjc,30,6,5,mwr,p,24,4172
fjc,30,6,5,mwr,p,25,3840
fjc,30,6,5,mwr,p,26,3122
fjc,30,6,5,mwr,p,27,2294
fjc,30,6,5,mwr,p,28,1500
fjc,30,6,5,mwr,p,29,414
fjc,30,6,5,mwr,p,30,0
fjc,30,6,5,lwr,b,1,7912
fjc,30,6,5,lwr,b,2,8088
fjc,30,6,5,lwr,b,3,8088
fjc,30,6,5,lwr,b,4,8088
fjc,30,6,5,lwr,b,5,8088
fjc,30,6,5,lwr,b,6,5440
fjc,30,6,5,lwr,b,7,5564
fjc,30,6,5,lwr,b,8,5564
fjc,30,6,5,lwr,b,9,5564
fjc,30,6,5,lwr,b,10,5564
fjc,30,6,5,lwr,b,11,3434
fjc,30,6,5,lwr,b,12,3488
fjc,30,6,5,lwr,b,13,3488
fjc,30,6,5,lwr,b,14,3488
fjc,30,6,5,lwr,b,15,3488
fjc,30,6,5,lwr,b,16,1948
fjc,30,6,5,lwr,b,17,1700
fjc,30,6,5,lwr,b,18,1700
fjc,30,6,5,lwr,b,19,1700
fjc,30,6,5,lwr,b,20,1700
fjc,30,6,5,lwr,b,21,850
fjc,30,6,5,lwr,b,22,0
fjc,30,6,5,lwr,b,23,0
fjc,30,6,5,lwr,b,24,0
fjc,30,6,5,lwr,b,25,0
fjc,30,6,5,lwr,b,26,0
fjc,30,6,5,lwr,b,27,0
fjc,30,6,5,lwr,b,28,0
fjc,30,6,5,lwr,b,29,0
fjc,30,6,5,lwr,b,30,0
fjc,30,6,5,lwr,f,1,5836
fjc,30,6,5,lwr,f,2,5672
fjc,30,6,5,lwr,f,3,5672
fjc,30,6,5,lwr,f,4,5672
fjc,30,6,5,lwr,f,5,5672
fjc,30,6,5,lwr,f,6,4414
fjc,30,6,5,lwr,f,7,4392
fjc,30,6,5,lwr,f,8,4392
fjc,30,6,5,lwr,f,9,4392
fjc,30,6,5,lwr,f,10,4392
fjc,30,6,5,lwr,f,11,3182
fjc,30,6,5,lwr,f,12,3042
fjc,30,6,5,lwr,f,13,3042
fjc,30,6,5,lwr,f,14,3042
fjc,30,6,5,lwr,f,15,3042
fjc,30,6,5,lwr,f,16,1948
fjc,30,6,5,lwr,f,17,1700
fjc,30,6,5,lwr,f,18,1700
fjc,30,6,5,lwr,f,19,1700
fjc,30,6,5,lwr,f,20,1700
fjc,30,6,5,lwr,f,21,850
fjc,30,6,5,lwr,f,22,0
fjc,30,6,5,lwr,f,23,0
fjc,30,6,5,lwr,f,24,0
fjc,30,6,5,lwr,f,25,0
fjc,30,6,5,lwr,f,26,0
fjc,30,6,5,lwr,f,27,0
fjc,30,6,5,lwr,f,28,0
fjc,30,6,5,lwr,f,29,0
fjc,30,6,5,lwr,f,30,0
fjc,30,6,5,lwr,p,1,5000
fjc,30,6,5,lwr,p,2,4990
fjc,30,6,5,lwr,p,3,4990
fjc,30,6,5,lwr,p,4,4990
fjc,30,6,5,lwr,p,5,4990
fjc,30,6,5,lwr,p,6,3992
fjc,30,6,5,lwr,p,7,3976
fjc,30,6,5,lwr,p,8,3976
fjc,30,6,5,lwr,p,9,3976
fjc,30,6,5,lwr,p,10,3976
fjc,30,6,5,lwr,p,11,2982
fjc,30,6,5,lwr,p,12,2922
fjc,30,6,5,lwr,p,13,2922
fjc,30,6,5,lwr,p,14,2922
fjc,30,6,5,lwr,p,15,2922
fjc,30,6,5,lwr,p,16,1948
fjc,30,6,5,lwr,p,17,1700
fjc,30,6,5,lwr,p,18,1700
fjc,30,6,5,lwr,p,19,1700
fjc,30,6,5,lwr,p,20,1700
fjc,30,6,5,lwr,p,21,850
fjc,30,6,5,lwr,p,22,0
fjc,30,6,5,lwr,p,23,0
fjc,30,6,5,lwr,p,24,0
fjc,30,6,5,lwr,p,25,0
fjc,30,6,5,lwr,p,26,0
fjc,30,6,5,lwr,p,27,0
fjc,30,6,5,lwr,p,28,0
fjc,30,6,5,lwr,p,29,0
fjc,30,6,5,lwr,p,30,0
fjc,30,6,5,rnd,b,1,7912
fjc,30,6,5,rnd,b,2,6914
fjc,30,6,5,rnd,b,3,6610
fjc,30,6,5,rnd,b,4,6120
fjc,30,6,5,rnd,b,5,5914
fjc,30,6,5,rnd,b,6,5512
fjc,30,6,5,rnd,b,7,5214
fjc,30,6,5,rnd,b,8,4594
fjc,30,6,5,rnd,b,9,4284
fjc,30,6,5,rnd,b,10,3820
fjc,30,6,5,rnd,b,11,3472
fjc,30,6,5,rnd,b,12,3320
fjc,30,6,5,rnd,b,13,3088
fjc,30,6,5,rnd,b,14,2788
fjc,30,6,5,rnd,b,15,2418
fjc,30,6,5,rnd,b,16,2174
fjc,30,6,5,rnd,b,17,2200
fjc,30,6,5,rnd,b,18,1922
fjc,30,6,5,rnd,b,19,1782
fjc,30,6,5,rnd,b,20,1598
fjc,30,6,5,rnd,b,21,1304
fjc,30,6,5,rnd,b,22,1056
fjc,30,6,5,rnd,b,23,860
fjc,30,6,5,rnd,b,24,684
fjc,30,6,5,rnd,b,25,468
fjc,30,6,5,rnd,b,26,398
fjc,30,6,5,rnd,b,27,248
fjc,30,6,5,rnd,b,28,132
fjc,30,6,5,rnd,b,29,118
fjc,30,6,5,rnd,b,30,0
fjc,30,6,5,rnd,f,1,5836
fjc,30,6,5,rnd,f,2,4986
fjc,30,6,5,rnd,f,3,4774
fjc,30,6,5,rnd,f,4,4472
fjc,30,6,5,rnd,f,5,4426
fjc,30,6,5,rnd,f,6,4224
fjc,30,6,5,rnd,f,7,4040
fjc,30,6,5,rnd,f,8,3706
fjc,30,6,5,rnd,f,9,3536
fjc,30,6,5,rnd,f,10,3224
fjc,30,6,5,rnd,f,11,3002
fjc,30,6,5,rnd,f,12,2886
fjc,30,6,5,rnd,f,13,2718
fjc,30,6,5,rnd,f,14,2464
fjc,30,6,5,rnd,f,15,2154
fjc,30,6,5,rnd,f,16,1964
fjc,30,6,5,rnd,f,17,1956
fjc,30,6,5,rnd,f,18,1748
fjc,30,6,5,rnd,f,19,1652
fjc,30,6,5,rnd,f,20,1472
fjc,30,6,5,rnd,f,21,1220
fjc,30,6,5,rnd,f,22,978
fjc,30,6,5,rnd,f,23,810
fjc,30,6,5,rnd,f,24,650
fjc,30,6,5,rnd,f,25,454
fjc,30,6,5,rnd,f,26,384
fjc,30,6,5,rnd,f,27,240
fjc,30,6,5,rnd,f,28,132
fjc,30,6,5,rnd,f,29,118
fjc,30,6,5,rnd,f,30,0
fjc,30,6,5,rnd,p,1,5000
fjc,30,6,5,rnd,p,2,4320
fjc,30,6,5,rnd,p,3,4340
fjc,30,6,5,rnd,p,4,4130
fjc,30,6,5,rnd,p,5,4180
fjc,30,6,5,rnd,p,6,4030
fjc,30,6,5,rnd,p,7,3858
fjc,30,6,5,rnd,p,8,3534
fjc,30,6,5,rnd,p,9,3406
fjc,30,6,5,rnd,p,10,3100
fjc,30,6,5,rnd,p,11,2944
fjc,30,6,5,rnd,p,12,2828
fjc,30,6,5,rnd,p,13,2686
fjc,30,6,5,rnd,p,14,2408
fjc,30,6,5,rnd,p,15,2126
fjc,30,6,5,rnd,p,16,1928
fjc,30,6,5,rnd,p,17,1936
fjc,30,6,5,rnd,p,18,1716
fjc,30,6,5,rnd,p,19,1636
fjc,30,6,5,rnd,p,20,1450
fjc,30,6,5,rnd,p,21,1216
fjc,30,6,5,rnd,p,22,972
fjc,30,6,5,rnd,p,23,804
fjc,30,6,5,rnd,p,24,644
fjc,30,6,5,rnd,p,25,452
fjc,30,6,5,rnd,p,26,384
fjc,30,6,5,rnd,p,27,240
fjc,30,6,5,rnd,p,28,132
fjc,30,6,5,rnd,p,29,118
fjc,30,6,5,rnd,p,30,0
fmc,30,6,5,opt,b,1,5698
fmc,30,6,5,opt,b,2,4136
fmc,30,6,5,opt,b,3,4996
fmc,30,6,5,opt,b,4,4990
fmc,30,6,5,opt,b,5,5194
fmc,30,6,5,opt,b,6,5292
fmc,30,6,5,opt,b,7,5370
fmc,30,6,5,opt,b,8,5274
fmc,30,6,5,opt,b,9,5090
fmc,30,6,5,opt,b,10,5040
fmc,30,6,5,opt,b,11,4822
fmc,30,6,5,opt,b,12,4712
fmc,30,6,5,opt,b,13,4512
fmc,30,6,5,opt,b,14,4440
fmc,30,6,5,opt,b,15,4142
fmc,30,6,5,opt,b,16,3922
fmc,30,6,5,opt,b,17,3748
fmc,30,6,5,opt,b,18,3448
fmc,30,6,5,opt,b,19,3052
fmc,30,6,5,opt,b,20,2810
fmc,30,6,5,opt,b,21,2536
fmc,30,6,5,opt,b,22,2238
fmc,30,6,5,opt,b,23,1848
fmc,30,6,5,opt,b,24,1602
fmc,30,6,5,opt,b,25,1088
fmc,30,6,5,opt,b,26,832
fmc,30,6,5,opt,b,27,516
fmc,30,6,5,opt,b,28,290
fmc,30,6,5,opt,b,29,136
fmc,30,6,5,opt,b,30,0
fmc,30,6,5,opt,f,1,5784
fmc,30,6,5,opt,f,2,3632
fmc,30,6,5,opt,f,3,4302
fmc,30,6,5,opt,f,4,3794
fmc,30,6,5,opt,f,5,4058
fmc,30,6,5,opt,f,6,4130
fmc,30,6,5,opt,f,7,4204
fmc,30,6,5,opt,f,8,4008
fmc,30,6,5,opt,f,9,3842
fmc,30,6,5,opt,f,10,3804
fmc,30,6,5,opt,f,11,3660
fmc,30,6,5,opt,f,12,3562
fmc,30,6,5,opt,f,13,3486
fmc,30,6,5,opt,f,14,3388
fmc,30,6,5,opt,f,15,3200
fmc,30,6,5,opt,f,16,3062
fmc,30,6,5,opt,f,17,2898
fmc,30,6,5,opt,f,18,2690
fmc,30,6,5,opt,f,19,2480
fmc,30,6,5,opt,f,20,2202
fmc,30,6,5,opt,f,21,2018
fmc,30,6,5,opt,f,22,1774
fmc,30,6,5,opt,f,23,1516
fmc,30,6,5,opt,f,24,1294
fmc,30,6,5,opt,f,25,978
fmc,30,6,5,opt,f,26,780
fmc,30,6,5,opt,f,27,506
fmc,30,6,5,opt,f,28,290
fmc,30,6,5,opt,f,29,136
fmc,30,6,5,opt,f,30,0
fmc,30,6,5,opt,p,1,4920
fmc,30,6,5,opt,p,2,3340
fmc,30,6,5,opt,p,3,4080
fmc,30,6,5,opt,p,4,3680
fmc,30,6,5,opt,p,5,3940
fmc,30,6,5,opt,p,6,4042
fmc,30,6,5,opt,p,7,4088
fmc,30,6,5,opt,p,8,3876
fmc,30,6,5,opt,p,9,3756
fmc,30,6,5,opt,p,10,3736
fmc,30,6,5,opt,p,11,3604
fmc,30,6,5,opt,p,12,3510
fmc,30,6,5,opt,p,13,3422
fmc,30,6,5,opt,p,14,3322
fmc,30,6,5,opt,p,15,3138
fmc,30,6,5,opt,p,16,3006
fmc,30,6,5,opt,p,17,2846
fmc,30,6,5,opt,p,18,2656
fmc,30,6,5,opt,p,19,2448
fmc,30,6,5,opt,p,20,2184
fmc,30,6,5,opt,p,21,1996
fmc,30,6,5,opt,p,22,1756
fmc,30,6,5,opt,p,23,1494
fmc,30,6,5,opt,p,24,1284
fmc,30,6,5,opt,p,25,962
fmc,30,6,5,opt,p,26,768
fmc,30,6,5,opt,p,27,504
fmc,30,6,5,opt,p,28,290
fmc,30,6,5,opt,p,29,136
fmc,30,6,5,opt,p,30,0
fmc,30,6,5,cma,b,1,5698
fmc,30,6,5,cma,b,2,3074
fmc,30,6,5,cma,b,3,4580
fmc,30,6,5,cma,b,4,4208
fmc,30,6,5,cma,b,5,4470
fmc,30,6,5,cma,b,6,5280
fmc,30,6,5,cma,b,7,5414
fmc,30,6,5,cma,b,8,4472
fmc,30,6,5,cma,b,9,4368
fmc,30,6,5,cma,b,10,4268
fmc,30,6,5,cma,b,11,3824
fmc,30,6,5,cma,b,12,3562
fmc,30,6,5,cma,b,13,3562
fmc,30,6,5,cma,b,14,3022
fmc,30,6,5,cma,b,15,2916
fmc,30,6,5,cma,b,16,2358
fmc,30,6,5,cma,b,17,2098
fmc,30,6,5,cma,b,18,2070
fmc,30,6,5,cma,b,19,2010
fmc,30,6,5,cma,b,20,1946
fmc,30,6,5,cma,b,21,1674
fmc,30,6,5,cma,b,22,1500
fmc,30,6,5,cma,b,23,1338
fmc,30,6,5,cma,b,24,1134
fmc,30,6,5,cma,b,25,1012
fmc,30,6,5,cma,b,26,536
fmc,30,6,5,cma,b,27,336
fmc,30,6,5,cma,b,28,204
fmc,30,6,5,cma,b,29,140
fmc,30,6,5,cma,b,30,0
fmc,30,6,5,cma,f,1,5784
fmc,30,6,5,cma,f,2,2864
fmc,30,6,5,cma,f,3,4074
fmc,30,6,5,cma,f,4,3370
fmc,30,6,5,cma,f,5,3706
fmc,30,6,5,cma,f,6,4160
fmc,30,6,5,cma,f,7,4222
fmc,30,6,5,cma,f,8,3612
fmc,30,6,5,cma,f,9,3504
fmc,30,6,5,cma,f,10,3494
fmc,30,6,5,cma,f,11,3220
fmc,30,6,5,cma,f,12,2734
fmc,30,6,5,cma,f,13,2692
fmc,30,6,5,cma,f,14,2566
fmc,30,6,5,cma,f,15,2512
fmc,30,6,5,cma,f,16,2022
fmc,30,6,5,cma,f,17,1882
fmc,30,6,5,cma,f,18,1726
fmc,30,6,5,cma,f,19,1642
fmc,30,6,5,cma,f,20,1814
fmc,30,6,5,cma,f,21,1428
fmc,30,6,5,cma,f,22,1360
fmc,30,6,5,cma,f,23,1122
fmc,30,6,5,cma,f,24,934
fmc,30,6,5,cma,f,25,952
fmc,30,6,5,cma,f,26,458
fmc,30,6,5,cma,f,27,330
fmc,30,6,5,cma,f,28,204
fmc,30,6,5,cma,f,29,140
fmc,30,6,5,cma,f,30,0
fmc,30,6,5,cma,p,1,4920
fmc,30,6,5,cma,p,2,2750
fmc,30,6,5,cma,p,3,4010
fmc,30,6,5,cma,p,4,3330
fmc,30,6,5,cma,p,5,3640
fmc,30,6,5,cma,p,6,4130
fmc,30,6,5,cma,p,7,4190
fmc,30,6,5,cma,p,8,3598
fmc,30,6,5,cma,p,9,3462
fmc,30,6,5,cma,p,10,3470
fmc,30,6,5,cma,p,11,3220
fmc,30,6,5,cma,p,12,2710
fmc,30,6,5,cma,p,13,2646
fmc,30,6,5,cma,p,14,2546
fmc,30,6,5,cma,p,15,2494
fmc,30,6,5,cma,p,16,2012
fmc,30,6,5,cma,p,17,1874
fmc,30,6,5,cma,p,18,1714
fmc,30,6,5,cma,p,19,1634
fmc,30,6,5,cma,p,20,1810
fmc,30,6,5,cma,p,21,1420
fmc,30,6,5,cma,p,22,1360
fmc,30,6,5,cma,p,23,1122
fmc,30,6,5,cma,p,24,926
fmc,30,6,5,cma,p,25,950
fmc,30,6,5,cma,p,26,456
fmc,30,6,5,cma,p,27,330
fmc,30,6,5,cma,p,28,204
fmc,30,6,5,cma,p,29,140
fmc,30,6,5,cma,p,30,0
fmc,30,6,5,mwr,b,1,5698
fmc,30,6,5,mwr,b,2,2818
fmc,30,6,5,mwr,b,3,4344
fmc,30,6,5,mwr,b,4,5248
fmc,30,6,5,mwr,b,5,5418
fmc,30,6,5,mwr,b,6,4040
fmc,30,6,5,mwr,b,7,3252
fmc,30,6,5,mwr,b,8,3880
fmc,30,6,5,mwr,b,9,4140
fmc,30,6,5,mwr,b,10,4120
fmc,30,6,5,mwr,b,11,3984
fmc,30,6,5,mwr,b,12,2822
fmc,30,6,5,mwr,b,13,2300
fmc,30,6,5,mwr,b,14,3108
fmc,30,6,5,mwr,b,15,3526
fmc,30,6,5,mwr,b,16,3706
fmc,30,6,5,mwr,b,17,3554
fmc,30,6,5,mwr,b,18,2678
fmc,30,6,5,mwr,b,19,2244
fmc,30,6,5,mwr,b,20,2916
fmc,30,6,5,mwr,b,21,2958
fmc,30,6,5,mwr,b,22,2856
fmc,30,6,5,mwr,b,23,2812
fmc,30,6,5,mwr,b,24,2100
fmc,30,6,5,mwr,b,25,1818
fmc,30,6,5,mwr,b,26,1300
fmc,30,6,5,mwr,b,27,776
fmc,30,6,5,mwr,b,28,312
fmc,30,6,5,mwr,b,29,48
fmc,30,6,5,mwr,b,30,0
fmc,30,6,5,mwr,f,1,5784
fmc,30,6,5,mwr,f,2,2700
fmc,30,6,5,mwr,f,3,3922
fmc,30,6,5,mwr,f,4,3900
fmc,30,6,5,mwr,f,5,3808
fmc,30,6,5,mwr,f,6,2638
fmc,30,6,5,mwr,f,7,2644
fmc,30,6,5,mwr,f,8,2700
fmc,30,6,5,mwr,f,9,3202
fmc,30,6,5,mwr,f,10,3066
fmc,30,6,5,mwr,f,11,2864
fmc,30,6,5,mwr,f,12,1832
fmc,30,6,5,mwr,f,13,1864
fmc,30,6,5,mwr,f,14,2118
fmc,30,6,5,mwr,f,15,2720
fmc,30,6,5,mwr,f,16,2714
fmc,30,6,5,mwr,f,17,2532
fmc,30,6,5,mwr,f,18,1744
fmc,30,6,5,mwr,f,19,1800
fmc,30,6,5,mwr,f,20,2016
fmc,30,6,5,mwr,f,21,2222
fmc,30,6,5,mwr,f,22,2198
fmc,30,6,5,mwr,f,23,2118
fmc,30,6,5,mwr,f,24,1366
fmc,30,6,5,mwr,f,25,1426
fmc,30,6,5,mwr,f,26,1012
fmc,30,6,5,mwr,f,27,686
fmc,30,6,5,mwr,f,28,312
fmc,30,6,5,mwr,f,29,48
fmc,30,6,5,mwr,f,30,0
fmc,30,6,5,mwr,p,1,4920
fmc,30,6,5,mwr,p,2,2620
fmc,30,6,5,mwr,p,3,3860
fmc,30,6,5,mwr,p,4,3840
fmc,30,6,5,mwr,p,5,3780
fmc,30,6,5,mwr,p,6,2590
fmc,30,6,5,mwr,p,7,2560
fmc,30,6,5,mwr,p,8,2620
fmc,30,6,5,mwr,p,9,3140
fmc,30,6,5,mwr,p,10,3010
fmc,30,6,5,mwr,p,11,2840
fmc,30,6,5,mwr,p,12,1800
fmc,30,6,5,mwr,p,13,1830
fmc,30,6,5,mwr,p,14,2090
fmc,30,6,5,mwr,p,15,2690
fmc,30,6,5,mwr,p,16,2690
fmc,30,6,5,mwr,p,17,2500
fmc,30,6,5,mwr,p,18,1690
fmc,30,6,5,mwr,p,19,1720
fmc,30,6,5,mwr,p,20,1940
fmc,30,6,5,mwr,p,21,2180
fmc,30,6,5,mwr,p,22,2160
fmc,30,6,5,mwr,p,23,2080
fmc,30,6,5,mwr,p,24,1320
fmc,30,6,5,mwr,p,25,1368
fmc,30,6,5,mwr,p,26,1000
fmc,30,6,5,mwr,p,27,684
fmc,30,6,5,mwr,p,28,312
fmc,30,6,5,mwr,p,29,48
fmc,30,6,5,mwr,p,30,0
fmc,30,6,5,lwr,b,1,5698
fmc,30,6,5,lwr,b,2,4098
fmc,30,6,5,lwr,b,3,4098
fmc,30,6,5,lwr,b,4,4098
fmc,30,6,5,lwr,b,5,4098
fmc,30,6,5,lwr,b,6,2948
fmc,30,6,5,lwr,b,7,2420
fmc,30,6,5,lwr,b,8,2244
fmc,30,6,5,lwr,b,9,2220
fmc,30,6,5,lwr,b,10,2220
fmc,30,6,5,lwr,b,11,1536
fmc,30,6,5,lwr,b,12,1580
fmc,30,6,5,lwr,b,13,1382
fmc,30,6,5,lwr,b,14,1288
fmc,30,6,5,lwr,b,15,1270
fmc,30,6,5,lwr,b,16,792
fmc,30,6,5,lwr,b,17,944
fmc,30,6,5,lwr,b,18,792
fmc,30,6,5,lwr,b,19,744
fmc,30,6,5,lwr,b,20,712
fmc,30,6,5,lwr,b,21,356
fmc,30,6,5,lwr,b,22,128
fmc,30,6,5,lwr,b,23,54
fmc,30,6,5,lwr,b,24,26
fmc,30,6,5,lwr,b,25,0
fmc,30,6,5,lwr,b,26,0
fmc,30,6,5,lwr,b,27,0
fmc,30,6,5,lwr,b,28,0
fmc,30,6,5,lwr,b,29,0
fmc,30,6,5,lwr,b,30,0
fmc,30,6,5,lwr,f,1,5784
fmc,30,6,5,lwr,f,2,3556
fmc,30,6,5,lwr,f,3,3556
fmc,30,6,5,lwr,f,4,3556
fmc,30,6,5,lwr,f,5,3556
fmc,30,6,5,lwr,f,6,2802
fmc,30,6,5,lwr,f,7,2214
fmc,30,6,5,lwr,f,8,2048
fmc,30,6,5,lwr,f,9,2024
fmc,30,6,5,lwr,f,10,2024
fmc,30,6,5,lwr,f,11,1498
fmc,30,6,5,lwr,f,12,1510
fmc,30,6,5,lwr,f,13,1314
fmc,30,6,5,lwr,f,14,1222
fmc,30,6,5,lwr,f,15,1204
fmc,30,6,5,lwr,f,16,792
fmc,30,6,5,lwr,f,17,944
fmc,30,6,5,lwr,f,18,792
fmc,30,6,5,lwr,f,19,744
fmc,30,6,5,lwr,f,20,712
fmc,30,6,5,lwr,f,21,356
fmc,30,6,5,lwr,f,22,128
fmc,30,6,5,lwr,f,23,54
fmc,30,6,5,lwr,f,24,26
fmc,30,6,5,lwr,f,25,0
fmc,30,6,5,lwr,f,26,0
fmc,30,6,5,lwr,f,27,0
fmc,30,6,5,lwr,f,28,0
fmc,30,6,5,lwr,f,29,0
fmc,30,6,5,lwr,f,30,0
fmc,30,6,5,lwr,p,1,4920
fmc,30,6,5,lwr,p,2,3340
fmc,30,6,5,lwr,p,3,3340
fmc,30,6,5,lwr,p,4,3340
fmc,30,6,5,lwr,p,5,3340
fmc,30,6,5,lwr,p,6,2672
fmc,30,6,5,lwr,p,7,2128
fmc,30,6,5,lwr,p,8,1976
fmc,30,6,5,lwr,p,9,1952
fmc,30,6,5,lwr,p,10,1952
fmc,30,6,5,lwr,p,11,1464
fmc,30,6,5,lwr,p,12,1488
fmc,30,6,5,lwr,p,13,1296
fmc,30,6,5,lwr,p,14,1206
fmc,30,6,5,lwr,p,15,1188
fmc,30,6,5,lwr,p,16,792
fmc,30,6,5,lwr,p,17,944
fmc,30,6,5,lwr,p,18,792
fmc,30,6,5,lwr,p,19,744
fmc,30,6,5,lwr,p,20,712
fmc,30,6,5,lwr,p,21,356
fmc,30,6,5,lwr,p,22,128
fmc,30,6,5,lwr,p,23,54
fmc,30,6,5,lwr,p,24,26
fmc,30,6,5,lwr,p,25,0
fmc,30,6,5,lwr,p,26,0
fmc,30,6,5,lwr,p,27,0
fmc,30,6,5,lwr,p,28,0
fmc,30,6,5,lwr,p,29,0
fmc,30,6,5,lwr,p,30,0
fmc,30,6,5,rnd,b,1,5698
fmc,30,6,5,rnd,b,2,3584
fmc,30,6,5,rnd,b,3,4400
fmc,30,6,5,rnd,b,4,4454
fmc,30,6,5,rnd,b,5,4132
fmc,30,6,5,rnd,b,6,3916
fmc,30,6,5,rnd,b,7,3734
fmc,30,6,5,rnd,b,8,3838
fmc,30,6,5,rnd,b,9,3340
fmc,30,6,5,rnd,b,10,3074
fmc,30,6,5,rnd,b,11,2760
fmc,30,6,5,rnd,b,12,2664
fmc,30,6,5,rnd,b,13,2458
fmc,30,6,5,rnd,b,14,2272
fmc,30,6,5,rnd,b,15,2028
fmc,30,6,5,rnd,b,16,1724
fmc,30,6,5,rnd,b,17,1598
fmc,30,6,5,rnd,b,18,1406
fmc,30,6,5,rnd,b,19,1424
fmc,30,6,5,rnd,b,20,1298
fmc,30,6,5,rnd,b,21,1060
fmc,30,6,5,rnd,b,22,926
fmc,30,6,5,rnd,b,23,722
fmc,30,6,5,rnd,b,24,530
fmc,30,6,5,rnd,b,25,402
fmc,30,6,5,rnd,b,26,316
fmc,30,6,5,rnd,b,27,190
fmc,30,6,5,rnd,b,28,62
fmc,30,6,5,rnd,b,29,38
fmc,30,6,5,rnd,b,30,0
fmc,30,6,5,rnd,f,1,5784
fmc,30,6,5,rnd,f,2,3252
fmc,30,6,5,rnd,f,3,3880
fmc,30,6,5,rnd,f,4,3496
fmc,30,6,5,rnd,f,5,3324
fmc,30,6,5,rnd,f,6,3322
fmc,30,6,5,rnd,f,7,3138
fmc,30,6,5,rnd,f,8,3184
fmc,30,6,5,rnd,f,9,2814
fmc,30,6,5,rnd,f,10,2618
fmc,30,6,5,rnd,f,11,2374
fmc,30,6,5,rnd,f,12,2284
fmc,30,6,5,rnd,f,13,2118
fmc,30,6,5,rnd,f,14,1982
fmc,30,6,5,rnd,f,15,1786
fmc,30,6,5,rnd,f,16,1516
fmc,30,6,5,rnd,f,17,1420
fmc,30,6,5,rnd,f,18,1246
fmc,30,6,5,rnd,f,19,1336
fmc,30,6,5,rnd,f,20,1190
fmc,30,6,5,rnd,f,21,962
fmc,30,6,5,rnd,f,22,840
fmc,30,6,5,rnd,f,23,676
fmc,30,6,5,rnd,f,24,490
fmc,30,6,5,rnd,f,25,380
fmc,30,6,5,rnd,f,26,304
fmc,30,6,5,rnd,f,27,188
fmc,30,6,5,rnd,f,28,62
fmc,30,6,5,rnd,f,29,38
fmc,30,6,5,rnd,f,30,0
fmc,30,6,5,rnd,p,1,4920
fmc,30,6,5,rnd,p,2,3030
fmc,30,6,5,rnd,p,3,3820
fmc,30,6,5,rnd,p,4,3410
fmc,30,6,5,rnd,p,5,3250
fmc,30,6,5,rnd,p,6,3250
fmc,30,6,5,rnd,p,7,3110
fmc,30,6,5,rnd,p,8,3150
fmc,30,6,5,rnd,p,9,2770
fmc,30,6,5,rnd,p,10,2578
fmc,30,6,5,rnd,p,11,2348
fmc,30,6,5,rnd,p,12,2256
fmc,30,6,5,rnd,p,13,2100
fmc,30,6,5,rnd,p,14,1964
fmc,30,6,5,rnd,p,15,1760
fmc,30,6,5,rnd,p,16,1500
fmc,30,6,5,rnd,p,17,1412
fmc,30,6,5,rnd,p,18,1236
fmc,30,6,5,rnd,p,19,1324
fmc,30,6,5,rnd,p,20,1180
fmc,30,6,5,rnd,p,21,958
fmc,30,6,5,rnd,p,22,838
fmc,30,6,5,rnd,p,23,676
fmc,30,6,5,rnd,p,24,490
fmc,30,6,5,rnd,p,25,380
fmc,30,6,5,rnd,p,26,302
fmc,30,6,5,rnd,p,27,188
fmc,30,6,5,rnd,p,28,62
fmc,30,6,5,rnd,p,29,38
fmc,30,6,5,rnd,p,30,0
fmxc,30,6,5,opt,b,1,6102
fmxc,30,6,5,opt,b,2,4694
fmxc,30,6,5,opt,b,3,5186
fmxc,30,6,5,opt,b,4,5190
fmxc,30,6,5,opt,b,5,5518
fmxc,30,6,5,opt,b,6,5516
fmxc,30,6,5,opt,b,7,5422
fmxc,30,6,5,opt,b,8,5252
fmxc,30,6,5,opt,b,9,5222
fmxc,30,6,5,opt,b,10,5198
fmxc,30,6,5,opt,b,11,4936
fmxc,30,6,5,opt,b,12,4844
fmxc,30,6,5,opt,b,13,4648
fmxc,30,6,5,opt,b,14,4534
fmxc,30,6,5,opt,b,15,4326
fmxc,30,6,5,opt,b,16,4084
fmxc,30,6,5,opt,b,17,3922
fmxc,30,6,5,opt,b,18,3590
fmxc,30,6,5,opt,b,19,3182
fmxc,30,6,5,opt,b,20,2900
fmxc,30,6,5,opt,b,21,2560
fmxc,30,6,5,opt,b,22,2252
fmxc,30,6,5,opt,b,23,1804
fmxc,30,6,5,opt,b,24,1566
fmxc,30,6,5,opt,b,25,1146
fmxc,30,6,5,opt,b,26,898
fmxc,30,6,5,opt,b,27,560
fmxc,30,6,5,opt,b,28,316
fmxc,30,6,5,opt,b,29,164
fmxc,30,6,5,opt,b,30,0
fmxc,30,6,5,opt,f,1,5806
fmxc,30,6,5,opt,f,2,4040
fmxc,30,6,5,opt,f,3,4388
fmxc,30,6,5,opt,f,4,3912
fmxc,30,6,5,opt,f,5,4208
fmxc,30,6,5,opt,f,6,4228
fmxc,30,6,5,opt,f,7,4114
fmxc,30,6,5,opt,f,8,3940
fmxc,30,6,5,opt,f,9,3918
fmxc,30,6,5,opt,f,10,3926
fmxc,30,6,5,opt,f,11,3734
fmxc,30,6,5,opt,f,12,3664
fmxc,30,6,5,opt,f,13,3544
fmxc,30,6,5,opt,f,14,3450
fmxc,30,6,5,opt,f,15,3330
fmxc,30,6,5,opt,f,16,3162
fmxc,30,6,5,opt,f,17,3106
fmxc,30,6,5,opt,f,18,2828
fmxc,30,6,5,opt,f,19,2584
fmxc,30,6,5,opt,f,20,2290
fmxc,30,6,5,opt,f,21,2050
fmxc,30,6,5,opt,f,22,1774
fmxc,30,6,5,opt,f,23,1488
fmxc,30,6,5,opt,f,24,1264
fmxc,30,6,5,opt,f,25,1038
fmxc,30,6,5,opt,f,26,860
fmxc,30,6,5,opt,f,27,554
fmxc,30,6,5,opt,f,28,316
fmxc,30,6,5,opt,f,29,164
fmxc,30,6,5,opt,f,30,0
fmxc,30,6,5,opt,p,1,4850
fmxc,30,6,5,opt,p,2,3570
fmxc,30,6,5,opt,p,3,4030
fmxc,30,6,5,opt,p,4,3660
fmxc,30,6,5,opt,p,5,3990
fmxc,30,6,5,opt,p,6,4064
fmxc,30,6,5,opt,p,7,4000
fmxc,30,6,5,opt,p,8,3822
fmxc,30,6,5,opt,p,9,3808
fmxc,30,6,5,opt,p,10,3818
fmxc,30,6,5,opt,p,11,3650
fmxc,30,6,5,opt,p,12,3592
fmxc,30,6,5,opt,p,13,3486
fmxc,30,6,5,opt,p,14,3394
fmxc,30,6,5,opt,p,15,3276
fmxc,30,6,5,opt,p,16,3102
fmxc,30,6,5,opt,p,17,3048
fmxc,30,6,5,opt,p,18,2790
fmxc,30,6,5,opt,p,19,2540
fmxc,30,6,5,opt,p,20,2256
fmxc,30,6,5,opt,p,21,2032
fmxc,30,6,5,opt,p,22,1746
fmxc,30,6,5,opt,p,23,1466
fmxc,30,6,5,opt,p,24,1258
fmxc,30,6,5,opt,p,25,1026
fmxc,30,6,5,opt,p,26,850
fmxc,30,6,5,opt,p,27,548
fmxc,30,6,5,opt,p,28,316
fmxc,30,6,5,opt,p,29,164
fmxc,30,6,5,opt,p,30,0
fmxc,30,6,5,cma,b,1,6102
fmxc,30,6,5,cma,b,2,4500
fmxc,30,6,5,cma,b,3,4530
fmxc,30,6,5,cma,b,4,4536
fmxc,30,6,5,cma,b,5,4530
fmxc,30,6,5,cma,b,6,3218
fmxc,30,6,5,cma,b,7,1892
fmxc,30,6,5,cma,b,8,1780
fmxc,30,6,5,cma,b,9,1756
fmxc,30,6,5,cma,b,10,1756
fmxc,30,6,5,cma,b,11,1250
fmxc,30,6,5,cma,b,12,1066
fmxc,30,6,5,cma,b,13,1052
fmxc,30,6,5,cma,b,14,1052
fmxc,30,6,5,cma,b,15,1052
fmxc,30,6,5,cma,b,16,668
fmxc,30,6,5,cma,b,17,572
fmxc,30,6,5,cma,b,18,570
fmxc,30,6,5,cma,b,19,568
fmxc,30,6,5,cma,b,20,568
fmxc,30,6,5,cma,b,21,288
fmxc,30,6,5,cma,b,22,8
fmxc,30,6,5,cma,b,23,6
fmxc,30,6,5,cma,b,24,0
fmxc,30,6,5,cma,b,25,0
fmxc,30,6,5,cma,b,26,0
fmxc,30,6,5,cma,b,27,0
fmxc,30,6,5,cma,b,28,0
fmxc,30,6,5,cma,b,29,0
fmxc,30,6,5,cma,b,30,0
fmxc,30,6,5,cma,f,1,5806
fmxc,30,6,5,cma,f,2,3864
fmxc,30,6,5,cma,f,3,3894
fmxc,30,6,5,cma,f,4,3894
fmxc,30,6,5,cma,f,5,3894
fmxc,30,6,5,cma,f,6,3008
fmxc,30,6,5,cma,f,7,1780
fmxc,30,6,5,cma,f,8,1684
fmxc,30,6,5,cma,f,9,1660
fmxc,30,6,5,cma,f,10,1660
fmxc,30,6,5,cma,f,11,1224
fmxc,30,6,5,cma,f,12,1030
fmxc,30,6,5,cma,f,13,1016
fmxc,30,6,5,cma,f,14,1016
fmxc,30,6,5,cma,f,15,1016
fmxc,30,6,5,cma,f,16,668
fmxc,30,6,5,cma,f,17,572
fmxc,30,6,5,cma,f,18,570
fmxc,30,6,5,cma,f,19,568
fmxc,30,6,5,cma,f,20,568
fmxc,30,6,5,cma,f,21,288
fmxc,30,6,5,cma,f,22,8
fmxc,30,6,5,cma,f,23,6
fmxc,30,6,5,cma,f,24,0
fmxc,30,6,5,cma,f,25,0
fmxc,30,6,5,cma,f,26,0
fmxc,30,6,5,cma,f,27,0
fmxc,30,6,5,cma,f,28,0
fmxc,30,6,5,cma,f,29,0
fmxc,30,6,5,cma,f,30,0
fmxc,30,6,5,cma,p,1,4850
fmxc,30,6,5,cma,p,2,3400
fmxc,30,6,5,cma,p,3,3430
fmxc,30,6,5,cma,p,4,3430
fmxc,30,6,5,cma,p,5,3430
fmxc,30,6,5,cma,p,6,2750
fmxc,30,6,5,cma,p,7,1692
fmxc,30,6,5,cma,p,8,1608
fmxc,30,6,5,cma,p,9,1584
fmxc,30,6,5,cma,p,10,1584
fmxc,30,6,5,cma,p,11,1192
fmxc,30,6,5,cma,p,12,1008
fmxc,30,6,5,cma,p,13,996
fmxc,30,6,5,cma,p,14,996
fmxc,30,6,5,cma,p,15,996
fmxc,30,6,5,cma,p,16,668
fmxc,30,6,5,cma,p,17,572
fmxc,30,6,5,cma,p,18,570
fmxc,30,6,5,cma,p,19,568
fmxc,30,6,5,cma,p,20,568
fmxc,30,6,5,cma,p,21,288
fmxc,30,6,5,cma,p,22,8
fmxc,30,6,5,cma,p,23,6
fmxc,30,6,5,cma,p,24,0
fmxc,30,6,5,cma,p,25,0
fmxc,30,6,5,cma,p,26,0
fmxc,30,6,5,cma,p,27,0
fmxc,30,6,5,cma,p,28,0
fmxc,30,6,5,cma,p,29,0
fmxc,30,6,5,cma,p,30,0
fmxc,30,6,5,mwr,b,1,6102
fmxc,30,6,5,mwr,b,2,2812
fmxc,30,6,5,mwr,b,3,4228
fmxc,30,6,5,mwr,b,4,4972
fmxc,30,6,5,mwr,b,5,5008
fmxc,30,6,5,mwr,b,6,3716
fmxc,30,6,5,mwr,b,7,3120
fmxc,30,6,5,mwr,b,8,3522
fmxc,30,6,5,mwr,b,9,4160
fmxc,30,6,5,mwr,b,10,4102
fmxc,30,6,5,mwr,b,11,3846
fmxc,30,6,5,mwr,b,12,2790
fmxc,30,6,5,mwr,b,13,2194
fmxc,30,6,5,mwr,b,14,2706
fmxc,30,6,5,mwr,b,15,3722
fmxc,30,6,5,mwr,b,16,3978
fmxc,30,6,5,mwr,b,17,3648
fmxc,30,6,5,mwr,b,18,2540
fmxc,30,6,5,mwr,b,19,1966
fmxc,30,6,5,mwr,b,20,2606
fmxc,30,6,5,mwr,b,21,3336
fmxc,30,6,5,mwr,b,22,3488
fmxc,30,6,5,mwr,b,23,3164
fmxc,30,6,5,mwr,b,24,2246
fmxc,30,6,5,mwr,b,25,1778
fmxc,30,6,5,mwr,b,26,1344
fmxc,30,6,5,mwr,b,27,934
fmxc,30,6,5,mwr,b,28,504
fmxc,30,6,5,mwr,b,29,158
fmxc,30,6,5,mwr,b,30,0
fmxc,30,6,5,mwr,f,1,5806
fmxc,30,6,5,mwr,f,2,2724
fmxc,30,6,5,mwr,f,3,3862
fmxc,30,6,5,mwr,f,4,3636
fmxc,30,6,5,mwr,f,5,3450
fmxc,30,6,5,mwr,f,6,2376
fmxc,30,6,5,mwr,f,7,2450
fmxc,30,6,5,mwr,f,8,2330
fmxc,30,6,5,mwr,f,9,3056
fmxc,30,6,5,mwr,f,10,2904
fmxc,30,6,5,mwr,f,11,2732
fmxc,30,6,5,mwr,f,12,1800
fmxc,30,6,5,mwr,f,13,1874
fmxc,30,6,5,mwr,f,14,1806
fmxc,30,6,5,mwr,f,15,2730
fmxc,30,6,5,mwr,f,16,2720
fmxc,30,6,5,mwr,f,17,2532
fmxc,30,6,5,mwr,f,18,1634
fmxc,30,6,5,mwr,f,19,1690
fmxc,30,6,5,mwr,f,20,1698
fmxc,30,6,5,mwr,f,21,2318
fmxc,30,6,5,mwr,f,22,2392
fmxc,30,6,5,mwr,f,23,2310
fmxc,30,6,5,mwr,f,24,1484
fmxc,30,6,5,mwr,f,25,1502
fmxc,30,6,5,mwr,f,26,1184
fmxc,30,6,5,mwr,f,27,872
fmxc,30,6,5,mwr,f,28,504
fmxc,30,6,5,mwr,f,29,158
fmxc,30,6,5,mwr,f,30,0
fmxc,30,6,5,mwr,p,1,4850
fmxc,30,6,5,mwr,p,2,2540
fmxc,30,6,5,mwr,p,3,3740
fmxc,30,6,5,mwr,p,4,3580
fmxc,30,6,5,mwr,p,5,3450
fmxc,30,6,5,mwr,p,6,2370
fmxc,30,6,5,mwr,p,7,2430
fmxc,30,6,5,mwr,p,8,2290
fmxc,30,6,5,mwr,p,9,3020
fmxc,30,6,5,mwr,p,10,2870
fmxc,30,6,5,mwr,p,11,2720
fmxc,30,6,5,mwr,p,12,1790
fmxc,30,6,5,mwr,p,13,1830
fmxc,30,6,5,mwr,p,14,1760
fmxc,30,6,5,mwr,p,15,2700
fmxc,30,6,5,mwr,p,16,2690
fmxc,30,6,5,mwr,p,17,2520
fmxc,30,6,5,mwr,p,18,1620
fmxc,30,6,5,mwr,p,19,1660
fmxc,30,6,5,mwr,p,20,1670
fmxc,30,6,5,mwr,p,21,2300
fmxc,30,6,5,mwr,p,22,2380
fmxc,30,6,5,mwr,p,23,2290
fmxc,30,6,5,mwr,p,24,1450
fmxc,30,6,5,mwr,p,25,1478
fmxc,30,6,5,mwr,p,26,1168
fmxc,30,6,5,mwr,p,27,864
fmxc,30,6,5,mwr,p,28,504
fmxc,30,6,5,mwr,p,29,158
fmxc,30,6,5,mwr,p,30,0
fmxc,30,6,5,lwr,b,1,6102
fmxc,30,6,5,lwr,b,2,4560
fmxc,30,6,5,lwr,b,3,4560
fmxc,30,6,5,lwr,b,4,4560
fmxc,30,6,5,lwr,b,5,4560
fmxc,30,6,5,lwr,b,6,3224
fmxc,30,6,5,lwr,b,7,2568
fmxc,30,6,5,lwr,b,8,2360
fmxc,30,6,5,lwr,b,9,2284
fmxc,30,6,5,lwr,b,10,2284
fmxc,30,6,5,lwr,b,11,1544
fmxc,30,6,5,lwr,b,12,1620
fmxc,30,6,5,lwr,b,13,1360
fmxc,30,6,5,lwr,b,14,1228
fmxc,30,6,5,lwr,b,15,1216
fmxc,30,6,5,lwr,b,16,744
fmxc,30,6,5,lwr,b,17,956
fmxc,30,6,5,lwr,b,18,788
fmxc,30,6,5,lwr,b,19,684
fmxc,30,6,5,lwr,b,20,640
fmxc,30,6,5,lwr,b,21,320
fmxc,30,6,5,lwr,b,22,162
fmxc,30,6,5,lwr,b,23,82
fmxc,30,6,5,lwr,b,24,26
fmxc,30,6,5,lwr,b,25,0
fmxc,30,6,5,lwr,b,26,0
fmxc,30,6,5,lwr,b,27,0
fmxc,30,6,5,lwr,b,28,0
fmxc,30,6,5,lwr,b,29,0
fmxc,30,6,5,lwr,b,30,0
fmxc,30,6,5,lwr,f,1,5806
fmxc,30,6,5,lwr,f,2,3902
fmxc,30,6,5,lwr,f,3,3902
fmxc,30,6,5,lwr,f,4,3902
fmxc,30,6,5,lwr,f,5,3902
fmxc,30,6,5,lwr,f,6,3006
fmxc,30,6,5,lwr,f,7,2344
fmxc,30,6,5,lwr,f,8,2140
fmxc,30,6,5,lwr,f,9,2064
fmxc,30,6,5,lwr,f,10,2064
fmxc,30,6,5,lwr,f,11,1490
fmxc,30,6,5,lwr,f,12,1554
fmxc,30,6,5,lwr,f,13,1290
fmxc,30,6,5,lwr,f,14,1162
fmxc,30,6,5,lwr,f,15,1150
fmxc,30,6,5,lwr,f,16,744
fmxc,30,6,5,lwr,f,17,956
fmxc,30,6,5,lwr,f,18,788
fmxc,30,6,5,lwr,f,19,684
fmxc,30,6,5,lwr,f,20,640
fmxc,30,6,5,lwr,f,21,320
fmxc,30,6,5,lwr,f,22,162
fmxc,30,6,5,lwr,f,23,82
fmxc,30,6,5,lwr,f,24,26
fmxc,30,6,5,lwr,f,25,0
fmxc,30,6,5,lwr,f,26,0
fmxc,30,6,5,lwr,f,27,0
fmxc,30,6,5,lwr,f,28,0
fmxc,30,6,5,lwr,f,29,0
fmxc,30,6,5,lwr,f,30,0
fmxc,30,6,5,lwr,p,1,4850
fmxc,30,6,5,lwr,p,2,3420
fmxc,30,6,5,lwr,p,3,3420
fmxc,30,6,5,lwr,p,4,3420
fmxc,30,6,5,lwr,p,5,3420
fmxc,30,6,5,lwr,p,6,2736
fmxc,30,6,5,lwr,p,7,2168
fmxc,30,6,5,lwr,p,8,1984
fmxc,30,6,5,lwr,p,9,1920
fmxc,30,6,5,lwr,p,10,1920
fmxc,30,6,5,lwr,p,11,1440
fmxc,30,6,5,lwr,p,12,1512
fmxc,30,6,5,lwr,p,13,1254
fmxc,30,6,5,lwr,p,14,1128
fmxc,30,6,5,lwr,p,15,1116
fmxc,30,6,5,lwr,p,16,744
fmxc,30,6,5,lwr,p,17,956
fmxc,30,6,5,lwr,p,18,788
fmxc,30,6,5,lwr,p,19,684
fmxc,30,6,5,lwr,p,20,640
fmxc,30,6,5,lwr,p,21,320
fmxc,30,6,5,lwr,p,22,162
fmxc,30,6,5,lwr,p,23,82
fmxc,30,6,5,lwr,p,24,26
fmxc,30,6,5,lwr,p,25,0
fmxc,30,6,5,lwr,p,26,0
fmxc,30,6,5,lwr,p,27,0
fmxc,30,6,5,lwr,p,28,0
fmxc,30,6,5,lwr,p,29,0
fmxc,30,6,5,lwr,p,30,0
fmxc,30,6,5,rnd,b,1,6102
fmxc,30,6,5,rnd,b,2,3908
fmxc,30,6,5,rnd,b,3,4480
fmxc,30,6,5,rnd,b,4,4372
fmxc,30,6,5,rnd,b,5,4100
fmxc,30,6,5,rnd,b,6,4018
fmxc,30,6,5,rnd,b,7,3700
fmxc,30,6,5,rnd,b,8,3292
fmxc,30,6,5,rnd,b,9,3284
fmxc,30,6,5,rnd,b,10,3010
fmxc,30,6,5,rnd,b,11,2774
fmxc,30,6,5,rnd,b,12,2806
fmxc,30,6,5,rnd,b,13,2638
fmxc,30,6,5,rnd,b,14,2522
fmxc,30,6,5,rnd,b,15,2270
fmxc,30,6,5,rnd,b,16,2092
fmxc,30,6,5,rnd,b,17,1876
fmxc,30,6,5,rnd,b,18,1764
fmxc,30,6,5,rnd,b,19,1508
fmxc,30,6,5,rnd,b,20,1472
fmxc,30,6,5,rnd,b,21,1312
fmxc,30,6,5,rnd,b,22,1076
fmxc,30,6,5,rnd,b,23,842
fmxc,30,6,5,rnd,b,24,690
fmxc,30,6,5,rnd,b,25,500
fmxc,30,6,5,rnd,b,26,322
fmxc,30,6,5,rnd,b,27,194
fmxc,30,6,5,rnd,b,28,88
fmxc,30,6,5,rnd,b,29,26
fmxc,30,6,5,rnd,b,30,0
fmxc,30,6,5,rnd,f,1,5806
fmxc,30,6,5,rnd,f,2,3460
fmxc,30,6,5,rnd,f,3,3960
fmxc,30,6,5,rnd,f,4,3422
fmxc,30,6,5,rnd,f,5,3358
fmxc,30,6,5,rnd,f,6,3368
fmxc,30,6,5,rnd,f,7,3092
fmxc,30,6,5,rnd,f,8,2782
fmxc,30,6,5,rnd,f,9,2722
fmxc,30,6,5,rnd,f,10,2572
fmxc,30,6,5,rnd,f,11,2316
fmxc,30,6,5,rnd,f,12,2390
fmxc,30,6,5,rnd,f,13,2270
fmxc,30,6,5,rnd,f,14,2164
fmxc,30,6,5,rnd,f,15,1990
fmxc,30,6,5,rnd,f,16,1834
fmxc,30,6,5,rnd,f,17,1686
fmxc,30,6,5,rnd,f,18,1612
fmxc,30,6,5,rnd,f,19,1382
fmxc,30,6,5,rnd,f,20,1360
fmxc,30,6,5,rnd,f,21,1226
fmxc,30,6,5,rnd,f,22,1028
fmxc,30,6,5,rnd,f,23,812
fmxc,30,6,5,rnd,f,24,652
fmxc,30,6,5,rnd,f,25,472
fmxc,30,6,5,rnd,f,26,300
fmxc,30,6,5,rnd,f,27,184
fmxc,30,6,5,rnd,f,28,88
fmxc,30,6,5,rnd,f,29,26
fmxc,30,6,5,rnd,f,30,0
fmxc,30,6,5,rnd,p,1,4850
fmxc,30,6,5,rnd,p,2,3120
fmxc,30,6,5,rnd,p,3,3730
fmxc,30,6,5,rnd,p,4,3250
fmxc,30,6,5,rnd,p,5,3240
fmxc,30,6,5,rnd,p,6,3260
fmxc,30,6,5,rnd,p,7,3008
fmxc,30,6,5,rnd,p,8,2742
fmxc,30,6,5,rnd,p,9,2662
fmxc,30,6,5,rnd,p,10,2500
fmxc,30,6,5,rnd,p,11,2256
fmxc,30,6,5,rnd,p,12,2368
fmxc,30,6,5,rnd,p,13,2252
fmxc,30,6,5,rnd,p,14,2140
fmxc,30,6,5,rnd,p,15,1986
fmxc,30,6,5,rnd,p,16,1824
fmxc,30,6,5,rnd,p,17,1680
fmxc,30,6,5,rnd,p,18,1602
fmxc,30,6,5,rnd,p,19,1374
fmxc,30,6,5,rnd,p,20,1356
fmxc,30,6,5,rnd,p,21,1226
fmxc,30,6,5,rnd,p,22,1022
fmxc,30,6,5,rnd,p,23,806
fmxc,30,6,5,rnd,p,24,650
fmxc,30,6,5,rnd,p,25,470
fmxc,30,6,5,rnd,p,26,300
fmxc,30,6,5,rnd,p,27,184
fmxc,30,6,5,rnd,p,28,88
fmxc,30,6,5,rnd,p,29,26
fmxc,30,6,5,rnd,p,30,0
frnd,30,6,5,opt,b,1,5714
frnd,30,6,5,opt,b,2,7900
frnd,30,6,5,opt,b,3,8000
frnd,30,6,5,opt,b,4,8076
frnd,30,6,5,opt,b,5,7976
frnd,30,6,5,opt,b,6,7484
frnd,30,6,5,opt,b,7,7122
frnd,30,6,5,opt,b,8,6826
frnd,30,6,5,opt,b,9,6690
frnd,30,6,5,opt,b,10,6322
frnd,30,6,5,opt,b,11,5910
frnd,30,6,5,opt,b,12,5566
frnd,30,6,5,opt,b,13,5392
frnd,30,6,5,opt,b,14,5078
frnd,30,6,5,opt,b,15,4764
frnd,30,6,5,opt,b,16,4390
frnd,30,6,5,opt,b,17,4086
frnd,30,6,5,opt,b,18,3906
frnd,30,6,5,opt,b,19,3640
frnd,30,6,5,opt,b,20,3324
frnd,30,6,5,opt,b,21,2962
frnd,30,6,5,opt,b,22,2716
frnd,30,6,5,opt,b,23,2402
frnd,30,6,5,opt,b,24,2228
frnd,30,6,5,opt,b,25,1840
frnd,30,6,5,opt,b,26,1464
frnd,30,6,5,opt,b,27,1046
frnd,30,6,5,opt,b,28,594
frnd,30,6,5,opt,b,29,358
frnd,30,6,5,opt,b,30,0
frnd,30,6,5,opt,f,1,5162
frnd,30,6,5,opt,f,2,5240
frnd,30,6,5,opt,f,3,5254
frnd,30,6,5,opt,f,4,5296
frnd,30,6,5,opt,f,5,5296
frnd,30,6,5,opt,f,6,5102
frnd,30,6,5,opt,f,7,4934
frnd,30,6,5,opt,f,8,4900
frnd,30,6,5,opt,f,9,4832
frnd,30,6,5,opt,f,10,4694
frnd,30,6,5,opt,f,11,4532
frnd,30,6,5,opt,f,12,4254
frnd,30,6,5,opt,f,13,4166
frnd,30,6,5,opt,f,14,3986
frnd,30,6,5,opt,f,15,3786
frnd,30,6,5,opt,f,16,3474
frnd,30,6,5,opt,f,17,3334
frnd,30,6,5,opt,f,18,3190
frnd,30,6,5,opt,f,19,3034
frnd,30,6,5,opt,f,20,2760
frnd,30,6,5,opt,f,21,2420
frnd,30,6,5,opt,f,22,2280
frnd,30,6,5,opt,f,23,2036
frnd,30,6,5,opt,f,24,1932
frnd,30,6,5,opt,f,25,1612
frnd,30,6,5,opt,f,26,1328
frnd,30,6,5,opt,f,27,1002
frnd,30,6,5,opt,f,28,594
frnd,30,6,5,opt,f,29,358
frnd,30,6,5,opt,f,30,0
frnd,30,6,5,opt,p,1,5000
frnd,30,6,5,opt,p,2,4930
frnd,30,6,5,opt,p,3,4940
frnd,30,6,5,opt,p,4,4900
frnd,30,6,5,opt,p,5,4890
frnd,30,6,5,opt,p,6,4800
frnd,30,6,5,opt,p,7,4622
frnd,30,6,5,opt,p,8,4598
frnd,30,6,5,opt,p,9,4520
frnd,30,6,5,opt,p,10,4378
frnd,30,6,5,opt,p,11,4282
frnd,30,6,5,opt,p,12,4068
frnd,30,6,5,opt,p,13,4008
frnd,30,6,5,opt,p,14,3820
frnd,30,6,5,opt,p,15,3656
frnd,30,6,5,opt,p,16,3358
frnd,30,6,5,opt,p,17,3242
frnd,30,6,5,opt,p,18,3112
frnd,30,6,5,opt,p,19,2950
frnd,30,6,5,opt,p,20,2708
frnd,30,6,5,opt,p,21,2382
frnd,30,6,5,opt,p,22,2264
frnd,30,6,5,opt,p,23,2032
frnd,30,6,5,opt,p,24,1916
frnd,30,6,5,opt,p,25,1606
frnd,30,6,5,opt,p,26,1324
frnd,30,6,5,opt,p,27,996
frnd,30,6,5,opt,p,28,594
frnd,30,6,5,opt,p,29,358
frnd,30,6,5,opt,p,30,0
frnd,30,6,5,cma,b,1,5714
frnd,30,6,5,cma,b,2,6646
frnd,30,6,5,cma,b,3,7220
frnd,30,6,5,cma,b,4,7476
frnd,30,6,5,cma,b,5,7284
frnd,30,6,5,cma,b,6,6870
frnd,30,6,5,cma,b,7,6564
frnd,30,6,5,cma,b,8,5996
frnd,30,6,5,cma,b,9,6168
frnd,30,6,5,cma,b,10,6246
frnd,30,6,5,cma,b,11,6306
frnd,30,6,5,cma,b,12,6144
frnd,30,6,5,cma,b,13,5928
frnd,30,6,5,cma,b,14,5796
frnd,30,6,5,cma,b,15,5990
frnd,30,6,5,cma,b,16,6018
frnd,30,6,5,cma,b,17,6288
frnd,30,6,5,cma,b,18,6202
frnd,30,6,5,cma,b,19,6108
frnd,30,6,5,cma,b,20,5688
frnd,30,6,5,cma,b,21,5882
frnd,30,6,5,cma,b,22,6040
frnd,30,6,5,cma,b,23,6150
frnd,30,6,5,cma,b,24,5680
frnd,30,6,5,cma,b,25,5648
frnd,30,6,5,cma,b,26,3910
frnd,30,6,5,cma,b,27,2536
frnd,30,6,5,cma,b,28,1236
frnd,30,6,5,cma,b,29,272
frnd,30,6,5,cma,b,30,0
frnd,30,6,5,cma,f,1,5162
frnd,30,6,5,cma,f,2,5460
frnd,30,6,5,cma,f,3,5450
frnd,30,6,5,cma,f,4,5398
frnd,30,6,5,cma,f,5,5110
frnd,30,6,5,cma,f,6,4850
frnd,30,6,5,cma,f,7,4892
frnd,30,6,5,cma,f,8,4498
frnd,30,6,5,cma,f,9,4644
frnd,30,6,5,cma,f,10,4556
frnd,30,6,5,cma,f,11,4640
frnd,30,6,5,cma,f,12,4546
frnd,30,6,5,cma,f,13,4566
frnd,30,6,5,cma,f,14,4458
frnd,30,6,5,cma,f,15,4496
frnd,30,6,5,cma,f,16,4438
frnd,30,6,5,cma,f,17,4600
frnd,30,6,5,cma,f,18,4520
frnd,30,6,5,cma,f,19,4522
frnd,30,6,5,cma,f,20,4134
frnd,30,6,5,cma,f,21,4294
frnd,30,6,5,cma,f,22,4362
frnd,30,6,5,cma,f,23,4310
frnd,30,6,5,cma,f,24,3822
frnd,30,6,5,cma,f,25,4150
frnd,30,6,5,cma,f,26,3172
frnd,30,6,5,cma,f,27,2264
frnd,30,6,5,cma,f,28,1236
frnd,30,6,5,cma,f,29,272
frnd,30,6,5,cma,f,30,0
frnd,30,6,5,cma,p,1,5000
frnd,30,6,5,cma,p,2,4830
frnd,30,6,5,cma,p,3,4810
frnd,30,6,5,cma,p,4,4830
frnd,30,6,5,cma,p,5,4750
frnd,30,6,5,cma,p,6,4470
frnd,30,6,5,cma,p,7,4480
frnd,30,6,5,cma,p,8,4070
frnd,30,6,5,cma,p,9,4350
frnd,30,6,5,cma,p,10,4300
frnd,30,6,5,cma,p,11,4380
frnd,30,6,5,cma,p,12,4270
frnd,30,6,5,cma,p,13,4300
frnd,30,6,5,cma,p,14,4190
frnd,30,6,5,cma,p,15,4310
frnd,30,6,5,cma,p,16,4240
frnd,30,6,5,cma,p,17,4410
frnd,30,6,5,cma,p,18,4288
frnd,30,6,5,cma,p,19,4306
frnd,30,6,5,cma,p,20,3976
frnd,30,6,5,cma,p,21,4184
frnd,30,6,5,cma,p,22,4294
frnd,30,6,5,cma,p,23,4286
frnd,30,6,5,cma,p,24,3776
frnd,30,6,5,cma,p,25,4072
frnd,30,6,5,cma,p,26,3132
frnd,30,6,5,cma,p,27,2244
frnd,30,6,5,cma,p,28,1236
frnd,30,6,5,cma,p,29,272
frnd,30,6,5,cma,p,30,0
frnd,30,6,5,mwr,b,1,5714
frnd,30,6,5,mwr,b,2,6058
frnd,30,6,5,mwr,b,3,6342
frnd,30,6,5,mwr,b,4,5876
frnd,30,6,5,mwr,b,5,5190
frnd,30,6,5,mwr,b,6,4848
frnd,30,6,5,mwr,b,7,4770
frnd,30,6,5,mwr,b,8,4740
frnd,30,6,5,mwr,b,9,4494
frnd,30,6,5,mwr,b,10,4290
frnd,30,6,5,mwr,b,11,4422
frnd,30,6,5,mwr,b,12,4374
frnd,30,6,5,mwr,b,13,4356
frnd,30,6,5,mwr,b,14,4366
frnd,30,6,5,mwr,b,15,4262
frnd,30,6,5,mwr,b,16,4068
frnd,30,6,5,mwr,b,17,4194
frnd,30,6,5,mwr,b,18,4386
frnd,30,6,5,mwr,b,19,4308
frnd,30,6,5,mwr,b,20,4274
frnd,30,6,5,mwr,b,21,4274
frnd,30,6,5,mwr,b,22,3980
frnd,30,6,5,mwr,b,23,3344
frnd,30,6,5,mwr,b,24,2666
frnd,30,6,5,mwr,b,25,1826
frnd,30,6,5,mwr,b,26,1192
frnd,30,6,5,mwr,b,27,598
frnd,30,6,5,mwr,b,28,240
frnd,30,6,5,mwr,b,29,38
frnd,30,6,5,mwr,b,30,0
frnd,30,6,5,mwr,f,1,5162
frnd,30,6,5,mwr,f,2,5388
frnd,30,6,5,mwr,f,3,5028
frnd,30,6,5,mwr,f,4,4564
frnd,30,6,5,mwr,f,5,4166
frnd,30,6,5,mwr,f,6,3930
frnd,30,6,5,mwr,f,7,3862
frnd,30,6,5,mwr,f,8,3720
frnd,30,6,5,mwr,f,9,3580
frnd,30,6,5,mwr,f,10,3476
frnd,30,6,5,mwr,f,11,3582
frnd,30,6,5,mwr,f,12,3528
frnd,30,6,5,mwr,f,13,3578
frnd,30,6,5,mwr,f,14,3498
frnd,30,6,5,mwr,f,15,3514
frnd,30,6,5,mwr,f,16,3318
frnd,30,6,5,mwr,f,17,3464
frnd,30,6,5,mwr,f,18,3650
frnd,30,6,5,mwr,f,19,3584
frnd,30,6,5,mwr,f,20,3376
frnd,30,6,5,mwr,f,21,3308
frnd,30,6,5,mwr,f,22,3080
frnd,30,6,5,mwr,f,23,2668
frnd,30,6,5,mwr,f,24,2118
frnd,30,6,5,mwr,f,25,1524
frnd,30,6,5,mwr,f,26,1048
frnd,30,6,5,mwr,f,27,552
frnd,30,6,5,mwr,f,28,240
frnd,30,6,5,mwr,f,29,38
frnd,30,6,5,mwr,f,30,0
frnd,30,6,5,mwr,p,1,5000
frnd,30,6,5,mwr,p,2,4740
frnd,30,6,5,mwr,p,3,4330
frnd,30,6,5,mwr,p,4,4000
frnd,30,6,5,mwr,p,5,3730
frnd,30,6,5,mwr,p,6,3560
frnd,30,6,5,mwr,p,7,3600
frnd,30,6,5,mwr,p,8,3510
frnd,30,6,5,mwr,p,9,3350
frnd,30,6,5,mwr,p,10,3270
frnd,30,6,5,mwr,p,11,3390
frnd,30,6,5,mwr,p,12,3380
frnd,30,6,5,mwr,p,13,3400
frnd,30,6,5,mwr,p,14,3350
frnd,30,6,5,mwr,p,15,3380
frnd,30,6,5,mwr,p,16,3240
frnd,30,6,5,mwr,p,17,3370
frnd,30,6,5,mwr,p,18,3518
frnd,30,6,5,mwr,p,19,3474
frnd,30,6,5,mwr,p,20,3334
frnd,30,6,5,mwr,p,21,3276
frnd,30,6,5,mwr,p,22,3050
frnd,30,6,5,mwr,p,23,2638
frnd,30,6,5,mwr,p,24,2102
frnd,30,6,5,mwr,p,25,1512
frnd,30,6,5,mwr,p,26,1044
frnd,30,6,5,mwr,p,27,550
frnd,30,6,5,mwr,p,28,240
frnd,30,6,5,mwr,p,29,38
frnd,30,6,5,mwr,p,30,0
frnd,30,6,5,lwr,b,1,5714
frnd,30,6,5,lwr,b,2,7560
frnd,30,6,5,lwr,b,3,7910
frnd,30,6,5,lwr,b,4,7960
frnd,30,6,5,lwr,b,5,7980
frnd,30,6,5,lwr,b,6,4612
frnd,30,6,5,lwr,b,7,5348
frnd,30,6,5,lwr,b,8,5312
frnd,30,6,5,lwr,b,9,5296
frnd,30,6,5,lwr,b,10,5264
frnd,30,6,5,lwr,b,11,3016
frnd,30,6,5,lwr,b,12,3320
frnd,30,6,5,lwr,b,13,3096
frnd,30,6,5,lwr,b,14,2946
frnd,30,6,5,lwr,b,15,2846
frnd,30,6,5,lwr,b,16,1536
frnd,30,6,5,lwr,b,17,1556
frnd,30,6,5,lwr,b,18,1292
frnd,30,6,5,lwr,b,19,1172
frnd,30,6,5,lwr,b,20,1072
frnd,30,6,5,lwr,b,21,536
frnd,30,6,5,lwr,b,22,184
frnd,30,6,5,lwr,b,23,116
frnd,30,6,5,lwr,b,24,62
frnd,30,6,5,lwr,b,25,0
frnd,30,6,5,lwr,b,26,0
frnd,30,6,5,lwr,b,27,0
frnd,30,6,5,lwr,b,28,0
frnd,30,6,5,lwr,b,29,0
frnd,30,6,5,lwr,b,30,0
frnd,30,6,5,lwr,f,1,5162
frnd,30,6,5,lwr,f,2,5302
frnd,30,6,5,lwr,f,3,5196
frnd,30,6,5,lwr,f,4,5186
frnd,30,6,5,lwr,f,5,5160
frnd,30,6,5,lwr,f,6,4088
frnd,30,6,5,lwr,f,7,4188
frnd,30,6,5,lwr,f,8,3954
frnd,30,6,5,lwr,f,9,3868
frnd,30,6,5,lwr,f,10,3804
frnd,30,6,5,lwr,f,11,2818
frnd,30,6,5,lwr,f,12,2862
frnd,30,6,5,lwr,f,13,2584
frnd,30,6,5,lwr,f,14,2426
frnd,30,6,5,lwr,f,15,2332
frnd,30,6,5,lwr,f,16,1536
frnd,30,6,5,lwr,f,17,1556
frnd,30,6,5,lwr,f,18,1292
frnd,30,6,5,lwr,f,19,1172
frnd,30,6,5,lwr,f,20,1072
frnd,30,6,5,lwr,f,21,536
frnd,30,6,5,lwr,f,22,184
frnd,30,6,5,lwr,f,23,116
frnd,30,6,5,lwr,f,24,62
frnd,30,6,5,lwr,f,25,0
frnd,30,6,5,lwr,f,26,0
frnd,30,6,5,lwr,f,27,0
frnd,30,6,5,lwr,f,28,0
frnd,30,6,5,lwr,f,29,0
frnd,30,6,5,lwr,f,30,0
frnd,30,6,5,lwr,p,1,5000
frnd,30,6,5,lwr,p,2,5000
frnd,30,6,5,lwr,p,3,4950
frnd,30,6,5,lwr,p,4,4940
frnd,30,6,5,lwr,p,5,4940
frnd,30,6,5,lwr,p,6,3952
frnd,30,6,5,lwr,p,7,3952
frnd,30,6,5,lwr,p,8,3784
frnd,30,6,5,lwr,p,9,3728
frnd,30,6,5,lwr,p,10,3680
frnd,30,6,5,lwr,p,11,2760
frnd,30,6,5,lwr,p,12,2778
frnd,30,6,5,lwr,p,13,2538
frnd,30,6,5,lwr,p,14,2394
frnd,30,6,5,lwr,p,15,2304
frnd,30,6,5,lwr,p,16,1536
frnd,30,6,5,lwr,p,17,1556
frnd,30,6,5,lwr,p,18,1292
frnd,30,6,5,lwr,p,19,1172
frnd,30,6,5,lwr,p,20,1072
frnd,30,6,5,lwr,p,21,536
frnd,30,6,5,lwr,p,22,184
frnd,30,6,5,lwr,p,23,116
frnd,30,6,5,lwr,p,24,62
frnd,30,6,5,lwr,p,25,0
frnd,30,6,5,lwr,p,26,0
frnd,30,6,5,lwr,p,27,0
frnd,30,6,5,lwr,p,28,0
frnd,30,6,5,lwr,p,29,0
frnd,30,6,5,lwr,p,30,0
frnd,30,6,5,rnd,b,1,5714
frnd,30,6,5,rnd,b,2,7010
frnd,30,6,5,rnd,b,3,7566
frnd,30,6,5,rnd,b,4,7308
frnd,30,6,5,rnd,b,5,6832
frnd,30,6,5,rnd,b,6,6454
frnd,30,6,5,rnd,b,7,6072
frnd,30,6,5,rnd,b,8,5436
frnd,30,6,5,rnd,b,9,5034
frnd,30,6,5,rnd,b,10,4652
frnd,30,6,5,rnd,b,11,4474
frnd,30,6,5,rnd,b,12,4402
frnd,30,6,5,rnd,b,13,4100
frnd,30,6,5,rnd,b,14,3702
frnd,30,6,5,rnd,b,15,3340
frnd,30,6,5,rnd,b,16,3206
frnd,30,6,5,rnd,b,17,2974
frnd,30,6,5,rnd,b,18,2644
frnd,30,6,5,rnd,b,19,2314
frnd,30,6,5,rnd,b,20,2078
frnd,30,6,5,rnd,b,21,1718
frnd,30,6,5,rnd,b,22,1462
frnd,30,6,5,rnd,b,23,1092
frnd,30,6,5,rnd,b,24,894
frnd,30,6,5,rnd,b,25,670
frnd,30,6,5,rnd,b,26,464
frnd,30,6,5,rnd,b,27,272
frnd,30,6,5,rnd,b,28,162
frnd,30,6,5,rnd,b,29,76
frnd,30,6,5,rnd,b,30,0
frnd,30,6,5,rnd,f,1,5162
frnd,30,6,5,rnd,f,2,5330
frnd,30,6,5,rnd,f,3,5260
frnd,30,6,5,rnd,f,4,5150
frnd,30,6,5,rnd,f,5,4966
frnd,30,6,5,rnd,f,6,4804
frnd,30,6,5,rnd,f,7,4628
frnd,30,6,5,rnd,f,8,4294
frnd,30,6,5,rnd,f,9,3960
frnd,30,6,5,rnd,f,10,3792
frnd,30,6,5,rnd,f,11,3648
frnd,30,6,5,rnd,f,12,3568
frnd,30,6,5,rnd,f,13,3408
frnd,30,6,5,rnd,f,14,3068
frnd,30,6,5,rnd,f,15,2930
frnd,30,6,5,rnd,f,16,2786
frnd,30,6,5,rnd,f,17,2640
frnd,30,6,5,rnd,f,18,2324
frnd,30,6,5,rnd,f,19,2096
frnd,30,6,5,rnd,f,20,1904
frnd,30,6,5,rnd,f,21,1576
frnd,30,6,5,rnd,f,22,1380
frnd,30,6,5,rnd,f,23,1052
frnd,30,6,5,rnd,f,24,850
frnd,30,6,5,rnd,f,25,638
frnd,30,6,5,rnd,f,26,454
frnd,30,6,5,rnd,f,27,270
frnd,30,6,5,rnd,f,28,162
frnd,30,6,5,rnd,f,29,76
frnd,30,6,5,rnd,f,30,0
frnd,30,6,5,rnd,p,1,5000
frnd,30,6,5,rnd,p,2,4900
frnd,30,6,5,rnd,p,3,4770
frnd,30,6,5,rnd,p,4,4650
frnd,30,6,5,rnd,p,5,4510
frnd,30,6,5,rnd,p,6,4370
frnd,30,6,5,rnd,p,7,4220
frnd,30,6,5,rnd,p,8,3912
frnd,30,6,5,rnd,p,9,3702
frnd,30,6,5,rnd,p,10,3552
frnd,30,6,5,rnd,p,11,3472
frnd,30,6,5,rnd,p,12,3420
frnd,30,6,5,rnd,p,13,3276
frnd,30,6,5,rnd,p,14,2978
frnd,30,6,5,rnd,p,15,2806
frnd,30,6,5,rnd,p,16,2662
frnd,30,6,5,rnd,p,17,2566
frnd,30,6,5,rnd,p,18,2264
frnd,30,6,5,rnd,p,19,2054
frnd,30,6,5,rnd,p,20,1858
frnd,30,6,5,rnd,p,21,1544
frnd,30,6,5,rnd,p,22,1354
frnd,30,6,5,rnd,p,23,1040
frnd,30,6,5,rnd,p,24,850
frnd,30,6,5,rnd,p,25,638
frnd,30,6,5,rnd,p,26,454
frnd,30,6,5,rnd,p,27,270
frnd,30,6,5,rnd,p,28,162
frnd,30,6,5,rnd,p,29,76
frnd,30,6,5,rnd,p,30,0
frndn,30,6,5,opt,b,1,6094
frndn,30,6,5,opt,b,2,8066
frndn,30,6,5,opt,b,3,8082
frndn,30,6,5,opt,b,4,8152
frndn,30,6,5,opt,b,5,8018
frndn,30,6,5,opt,b,6,7698
frndn,30,6,5,opt,b,7,7342
frndn,30,6,5,opt,b,8,6948
frndn,30,6,5,opt,b,9,6442
frndn,30,6,5,opt,b,10,6050
frndn,30,6,5,opt,b,11,5684
frndn,30,6,5,opt,b,12,5296
frndn,30,6,5,opt,b,13,4844
frndn,30,6,5,opt,b,14,4720
frndn,30,6,5,opt,b,15,4406
frndn,30,6,5,opt,b,16,4056
frndn,30,6,5,opt,b,17,3834
frndn,30,6,5,opt,b,18,3552
frndn,30,6,5,opt,b,19,3282
frndn,30,6,5,opt,b,20,3088
frndn,30,6,5,opt,b,21,2734
frndn,30,6,5,opt,b,22,2446
frndn,30,6,5,opt,b,23,2128
frndn,30,6,5,opt,b,24,1776
frndn,30,6,5,opt,b,25,1390
frndn,30,6,5,opt,b,26,1142
frndn,30,6,5,opt,b,27,902
frndn,30,6,5,opt,b,28,538
frndn,30,6,5,opt,b,29,302
frndn,30,6,5,opt,b,30,0
frndn,30,6,5,opt,f,1,5692
frndn,30,6,5,opt,f,2,5776
frndn,30,6,5,opt,f,3,5600
frndn,30,6,5,opt,f,4,5550
frndn,30,6,5,opt,f,5,5422
frndn,30,6,5,opt,f,6,5284
frndn,30,6,5,opt,f,7,5076
frndn,30,6,5,opt,f,8,4906
frndn,30,6,5,opt,f,9,4692
frndn,30,6,5,opt,f,10,4478
frndn,30,6,5,opt,f,11,4304
frndn,30,6,5,opt,f,12,4078
frndn,30,6,5,opt,f,13,3778
frndn,30,6,5,opt,f,14,3732
frndn,30,6,5,opt,f,15,3592
frndn,30,6,5,opt,f,16,3384
frndn,30,6,5,opt,f,17,3172
frndn,30,6,5,opt,f,18,3010
frndn,30,6,5,opt,f,19,2800
frndn,30,6,5,opt,f,20,2632
frndn,30,6,5,opt,f,21,2348
frndn,30,6,5,opt,f,22,2130
frndn,30,6,5,opt,f,23,1884
frndn,30,6,5,opt,f,24,1576
frndn,30,6,5,opt,f,25,1256
frndn,30,6,5,opt,f,26,1060
frndn,30,6,5,opt,f,27,874
frndn,30,6,5,opt,f,28,538
frndn,30,6,5,opt,f,29,302
frndn,30,6,5,opt,f,30,0
frndn,30,6,5,opt,p,1,4990
frndn,30,6,5,opt,p,2,4950
frndn,30,6,5,opt,p,3,4930
frndn,30,6,5,opt,p,4,4910
frndn,30,6,5,opt,p,5,4910
frndn,30,6,5,opt,p,6,4856
frndn,30,6,5,opt,p,7,4744
frndn,30,6,5,opt,p,8,4638
frndn,30,6,5,opt,p,9,4416
frndn,30,6,5,opt,p,10,4212
frndn,30,6,5,opt,p,11,4084
frndn,30,6,5,opt,p,12,3936
frndn,30,6,5,opt,p,13,3678
frndn,30,6,5,opt,p,14,3646
frndn,30,6,5,opt,p,15,3466
frndn,30,6,5,opt,p,16,3248
frndn,30,6,5,opt,p,17,3072
frndn,30,6,5,opt,p,18,2902
frndn,30,6,5,opt,p,19,2730
frndn,30,6,5,opt,p,20,2580
frndn,30,6,5,opt,p,21,2288
frndn,30,6,5,opt,p,22,2078
frndn,30,6,5,opt,p,23,1838
frndn,30,6,5,opt,p,24,1540
frndn,30,6,5,opt,p,25,1232
frndn,30,6,5,opt,p,26,1036
frndn,30,6,5,opt,p,27,856
frndn,30,6,5,opt,p,28,538
frndn,30,6,5,opt,p,29,302
frndn,30,6,5,opt,p,30,0
frndn,30,6,5,cma,b,1,6094
frndn,30,6,5,cma,b,2,7712
frndn,30,6,5,cma,b,3,7712
frndn,30,6,5,cma,b,4,6684
frndn,30,6,5,cma,b,5,6850
frndn,30,6,5,cma,b,6,6684
frndn,30,6,5,cma,b,7,6384
frndn,30,6,5,cma,b,8,6320
frndn,30,6,5,cma,b,9,5310
frndn,30,6,5,cma,b,10,4844
frndn,30,6,5,cma,b,11,4290
frndn,30,6,5,cma,b,12,3502
frndn,30,6,5,cma,b,13,3502
frndn,30,6,5,cma,b,14,2638
frndn,30,6,5,cma,b,15,2638
frndn,30,6,5,cma,b,16,1464
frndn,30,6,5,cma,b,17,1052
frndn,30,6,5,cma,b,18,1052
frndn,30,6,5,cma,b,19,1052
frndn,30,6,5,cma,b,20,1052
frndn,30,6,5,cma,b,21,526
frndn,30,6,5,cma,b,22,0
frndn,30,6,5,cma,b,23,0
frndn,30,6,5,cma,b,24,0
frndn,30,6,5,cma,b,25,0
frndn,30,6,5,cma,b,26,0
frndn,30,6,5,cma,b,27,0
frndn,30,6,5,cma,b,28,0
frndn,30,6,5,cma,b,29,0
frndn,30,6,5,cma,b,30,0
frndn,30,6,5,cma,f,1,5692
frndn,30,6,5,cma,f,2,5680
frndn,30,6,5,cma,f,3,5680
frndn,30,6,5,cma,f,4,4916
frndn,30,6,5,cma,f,5,4980
frndn,30,6,5,cma,f,6,4916
frndn,30,6,5,cma,f,7,4732
frndn,30,6,5,cma,f,8,4686
frndn,30,6,5,cma,f,9,4166
frndn,30,6,5,cma,f,10,3890
frndn,30,6,5,cma,f,11,3524
frndn,30,6,5,cma,f,12,2920
frndn,30,6,5,cma,f,13,2920
frndn,30,6,5,cma,f,14,2300
frndn,30,6,5,cma,f,15,2300
frndn,30,6,5,cma,f,16,1464
frndn,30,6,5,cma,f,17,1052
frndn,30,6,5,cma,f,18,1052
frndn,30,6,5,cma,f,19,1052
frndn,30,6,5,cma,f,20,1052
frndn,30,6,5,cma,f,21,526
frndn,30,6,5,cma,f,22,0
frndn,30,6,5,cma,f,23,0
frndn,30,6,5,cma,f,24,0
frndn,30,6,5,cma,f,25,0
frndn,30,6,5,cma,f,26,0
frndn,30,6,5,cma,f,27,0
frndn,30,6,5,cma,f,28,0
frndn,30,6,5,cma,f,29,0
frndn,30,6,5,cma,f,30,0
frndn,30,6,5,cma,p,1,4990
frndn,30,6,5,cma,p,2,4810
frndn,30,6,5,cma,p,3,4810
frndn,30,6,5,cma,p,4,4270
frndn,30,6,5,cma,p,5,4340
frndn,30,6,5,cma,p,6,4270
frndn,30,6,5,cma,p,7,4240
frndn,30,6,5,cma,p,8,4180
frndn,30,6,5,cma,p,9,3788
frndn,30,6,5,cma,p,10,3552
frndn,30,6,5,cma,p,11,3300
frndn,30,6,5,cma,p,12,2750
frndn,30,6,5,cma,p,13,2750
frndn,30,6,5,cma,p,14,2202
frndn,30,6,5,cma,p,15,2202
frndn,30,6,5,cma,p,16,1464
frndn,30,6,5,cma,p,17,1052
frndn,30,6,5,cma,p,18,1052
frndn,30,6,5,cma,p,19,1052
frndn,30,6,5,cma,p,20,1052
frndn,30,6,5,cma,p,21,526
frndn,30,6,5,cma,p,22,0
frndn,30,6,5,cma,p,23,0
frndn,30,6,5,cma,p,24,0
frndn,30,6,5,cma,p,25,0
frndn,30,6,5,cma,p,26,0
frndn,30,6,5,cma,p,27,0
frndn,30,6,5,cma,p,28,0
frndn,30,6,5,cma,p,29,0
frndn,30,6,5,cma,p,30,0
frndn,30,6,5,mwr,b,1,6094
frndn,30,6,5,mwr,b,2,6864
frndn,30,6,5,mwr,b,3,6968
frndn,30,6,5,mwr,b,4,7108
frndn,30,6,5,mwr,b,5,7370
frndn,30,6,5,mwr,b,6,7222
frndn,30,6,5,mwr,b,7,6624
frndn,30,6,5,mwr,b,8,7410
frndn,30,6,5,mwr,b,9,7214
frndn,30,6,5,mwr,b,10,6718
frndn,30,6,5,mwr,b,11,6370
frndn,30,6,5,mwr,b,12,6102
frndn,30,6,5,mwr,b,13,6652
frndn,30,6,5,mwr,b,14,6466
frndn,30,6,5,mwr,b,15,6052
frndn,30,6,5,mwr,b,16,5748
frndn,30,6,5,mwr,b,17,5222
frndn,30,6,5,mwr,b,18,4992
frndn,30,6,5,mwr,b,19,6192
frndn,30,6,5,mwr,b,20,5738
frndn,30,6,5,mwr,b,21,5148
frndn,30,6,5,mwr,b,22,4704
frndn,30,6,5,mwr,b,23,4290
frndn,30,6,5,mwr,b,24,4396
frndn,30,6,5,mwr,b,25,5382
frndn,30,6,5,mwr,b,26,3544
frndn,30,6,5,mwr,b,27,1882
frndn,30,6,5,mwr,b,28,812
frndn,30,6,5,mwr,b,29,132
frndn,30,6,5,mwr,b,30,0
frndn,30,6,5,mwr,f,1,5692
frndn,30,6,5,mwr,f,2,5116
frndn,30,6,5,mwr,f,3,4980
frndn,30,6,5,mwr,f,4,4844
frndn,30,6,5,mwr,f,5,4826
frndn,30,6,5,mwr,f,6,4880
frndn,30,6,5,mwr,f,7,5080
frndn,30,6,5,mwr,f,8,5066
frndn,30,6,5,mwr,f,9,4968
frndn,30,6,5,mwr,f,10,4676
frndn,30,6,5,mwr,f,11,4584
frndn,30,6,5,mwr,f,12,4322
frndn,30,6,5,mwr,f,13,4788
frndn,30,6,5,mwr,f,14,4580
frndn,30,6,5,mwr,f,15,4480
frndn,30,6,5,mwr,f,16,4376
frndn,30,6,5,mwr,f,17,4110
frndn,30,6,5,mwr,f,18,3870
frndn,30,6,5,mwr,f,19,4554
frndn,30,6,5,mwr,f,20,4278
frndn,30,6,5,mwr,f,21,3950
frndn,30,6,5,mwr,f,22,3690
frndn,30,6,5,mwr,f,23,3444
frndn,30,6,5,mwr,f,24,3328
frndn,30,6,5,mwr,f,25,3864
frndn,30,6,5,mwr,f,26,2838
frndn,30,6,5,mwr,f,27,1702
frndn,30,6,5,mwr,f,28,812
frndn,30,6,5,mwr,f,29,132
frndn,30,6,5,mwr,f,30,0
frndn,30,6,5,mwr,p,1,4990
frndn,30,6,5,mwr,p,2,4450
frndn,30,6,5,mwr,p,3,4600
frndn,30,6,5,mwr,p,4,4640
frndn,30,6,5,mwr,p,5,4710
frndn,30,6,5,mwr,p,6,4610
frndn,30,6,5,mwr,p,7,4790
frndn,30,6,5,mwr,p,8,4730
frndn,30,6,5,mwr,p,9,4640
frndn,30,6,5,mwr,p,10,4540
frndn,30,6,5,mwr,p,11,4490
frndn,30,6,5,mwr,p,12,4150
frndn,30,6,5,mwr,p,13,4550
frndn,30,6,5,mwr,p,14,4350
frndn,30,6,5,mwr,p,15,4270
frndn,30,6,5,mwr,p,16,4230
frndn,30,6,5,mwr,p,17,4030
frndn,30,6,5,mwr,p,18,3640
frndn,30,6,5,mwr,p,19,4310
frndn,30,6,5,mwr,p,20,4070
frndn,30,6,5,mwr,p,21,3760
frndn,30,6,5,mwr,p,22,3580
frndn,30,6,5,mwr,p,23,3330
frndn,30,6,5,mwr,p,24,3190
frndn,30,6,5,mwr,p,25,3700
frndn,30,6,5,mwr,p,26,2752
frndn,30,6,5,mwr,p,27,1662
frndn,30,6,5,mwr,p,28,812
frndn,30,6,5,mwr,p,29,132
frndn,30,6,5,mwr,p,30,0
frndn,30,6,5,lwr,b,1,6094
frndn,30,6,5,lwr,b,2,8134
frndn,30,6,5,lwr,b,3,8134
frndn,30,6,5,lwr,b,4,8134
frndn,30,6,5,lwr,b,5,8134
frndn,30,6,5,lwr,b,6,4632
frndn,30,6,5,lwr,b,7,5808
frndn,30,6,5,lwr,b,8,5808
frndn,30,6,5,lwr,b,9,5808
frndn,30,6,5,lwr,b,10,5808
frndn,30,6,5,lwr,b,11,3290
frndn,30,6,5,lwr,b,12,3608
frndn,30,6,5,lwr,b,13,3608
frndn,30,6,5,lwr,b,14,3608
frndn,30,6,5,lwr,b,15,3608
frndn,30,6,5,lwr,b,16,1932
frndn,30,6,5,lwr,b,17,1636
frndn,30,6,5,lwr,b,18,1636
frndn,30,6,5,lwr,b,19,1636
frndn,30,6,5,lwr,b,20,1636
frndn,30,6,5,lwr,b,21,818
frndn,30,6,5,lwr,b,22,0
frndn,30,6,5,lwr,b,23,0
frndn,30,6,5,lwr,b,24,0
frndn,30,6,5,lwr,b,25,0
frndn,30,6,5,lwr,b,26,0
frndn,30,6,5,lwr,b,27,0
frndn,30,6,5,lwr,b,28,0
frndn,30,6,5,lwr,b,29,0
frndn,30,6,5,lwr,b,30,0
frndn,30,6,5,lwr,f,1,5692
frndn,30,6,5,lwr,f,2,5778
frndn,30,6,5,lwr,f,3,5778
frndn,30,6,5,lwr,f,4,5778
frndn,30,6,5,lwr,f,5,5778
frndn,30,6,5,lwr,f,6,4476
frndn,30,6,5,lwr,f,7,4396
frndn,30,6,5,lwr,f,8,4396
frndn,30,6,5,lwr,f,9,4396
frndn,30,6,5,lwr,f,10,4396
frndn,30,6,5,lwr,f,11,3170
frndn,30,6,5,lwr,f,12,2994
frndn,30,6,5,lwr,f,13,2994
frndn,30,6,5,lwr,f,14,2994
frndn,30,6,5,lwr,f,15,2994
frndn,30,6,5,lwr,f,16,1932
frndn,30,6,5,lwr,f,17,1636
frndn,30,6,5,lwr,f,18,1636
frndn,30,6,5,lwr,f,19,1636
frndn,30,6,5,lwr,f,20,1636
frndn,30,6,5,lwr,f,21,818
frndn,30,6,5,lwr,f,22,0
frndn,30,6,5,lwr,f,23,0
frndn,30,6,5,lwr,f,24,0
frndn,30,6,5,lwr,f,25,0
frndn,30,6,5,lwr,f,26,0
frndn,30,6,5,lwr,f,27,0
frndn,30,6,5,lwr,f,28,0
frndn,30,6,5,lwr,f,29,0
frndn,30,6,5,lwr,f,30,0
frndn,30,6,5,lwr,p,1,4990
frndn,30,6,5,lwr,p,2,4980
frndn,30,6,5,lwr,p,3,4980
frndn,30,6,5,lwr,p,4,4980
frndn,30,6,5,lwr,p,5,4980
frndn,30,6,5,lwr,p,6,3984
frndn,30,6,5,lwr,p,7,3968
frndn,30,6,5,lwr,p,8,3968
frndn,30,6,5,lwr,p,9,3968
frndn,30,6,5,lwr,p,10,3968
frndn,30,6,5,lwr,p,11,2976
frndn,30,6,5,lwr,p,12,2898
frndn,30,6,5,lwr,p,13,2898
frndn,30,6,5,lwr,p,14,2898
frndn,30,6,5,lwr,p,15,2898
frndn,30,6,5,lwr,p,16,1932
frndn,30,6,5,lwr,p,17,1636
frndn,30,6,5,lwr,p,18,1636
frndn,30,6,5,lwr,p,19,1636
frndn,30,6,5,lwr,p,20,1636
frndn,30,6,5,lwr,p,21,818
frndn,30,6,5,lwr,p,22,0
frndn,30,6,5,lwr,p,23,0
frndn,30,6,5,lwr,p,24,0
frndn,30,6,5,lwr,p,25,0
frndn,30,6,5,lwr,p,26,0
frndn,30,6,5,lwr,p,27,0
frndn,30,6,5,lwr,p,28,0
frndn,30,6,5,lwr,p,29,0
frndn,30,6,5,lwr,p,30,0
frndn,30,6,5,rnd,b,1,6094
frndn,30,6,5,rnd,b,2,7760
frndn,30,6,5,rnd,b,3,7880
frndn,30,6,5,rnd,b,4,7502
frndn,30,6,5,rnd,b,5,7024
frndn,30,6,5,rnd,b,6,6422
frndn,30,6,5,rnd,b,7,6018
frndn,30,6,5,rnd,b,8,5644
frndn,30,6,5,rnd,b,9,5184
frndn,30,6,5,rnd,b,10,4876
frndn,30,6,5,rnd,b,11,4386
frndn,30,6,5,rnd,b,12,4052
frndn,30,6,5,rnd,b,13,3856
frndn,30,6,5,rnd,b,14,3640
frndn,30,6,5,rnd,b,15,3158
frndn,30,6,5,rnd,b,16,2792
frndn,30,6,5,rnd,b,17,2440
frndn,30,6,5,rnd,b,18,2124
frndn,30,6,5,rnd,b,19,1928
frndn,30,6,5,rnd,b,20,1692
frndn,30,6,5,rnd,b,21,1520
frndn,30,6,5,rnd,b,22,1254
frndn,30,6,5,rnd,b,23,968
frndn,30,6,5,rnd,b,24,742
frndn,30,6,5,rnd,b,25,572
frndn,30,6,5,rnd,b,26,458
frndn,30,6,5,rnd,b,27,270
frndn,30,6,5,rnd,b,28,128
frndn,30,6,5,rnd,b,29,102
frndn,30,6,5,rnd,b,30,0
frndn,30,6,5,rnd,f,1,5692
frndn,30,6,5,rnd,f,2,5516
frndn,30,6,5,rnd,f,3,5502
frndn,30,6,5,rnd,f,4,5080
frndn,30,6,5,rnd,f,5,4884
frndn,30,6,5,rnd,f,6,4774
frndn,30,6,5,rnd,f,7,4504
frndn,30,6,5,rnd,f,8,4344
frndn,30,6,5,rnd,f,9,4132
frndn,30,6,5,rnd,f,10,3872
frndn,30,6,5,rnd,f,11,3654
frndn,30,6,5,rnd,f,12,3408
frndn,30,6,5,rnd,f,13,3260
frndn,30,6,5,rnd,f,14,3106
frndn,30,6,5,rnd,f,15,2726
frndn,30,6,5,rnd,f,16,2488
frndn,30,6,5,rnd,f,17,2222
frndn,30,6,5,rnd,f,18,1948
frndn,30,6,5,rnd,f,19,1776
frndn,30,6,5,rnd,f,20,1576
frndn,30,6,5,rnd,f,21,1430
frndn,30,6,5,rnd,f,22,1178
frndn,30,6,5,rnd,f,23,912
frndn,30,6,5,rnd,f,24,710
frndn,30,6,5,rnd,f,25,550
frndn,30,6,5,rnd,f,26,450
frndn,30,6,5,rnd,f,27,266
frndn,30,6,5,rnd,f,28,128
frndn,30,6,5,rnd,f,29,102
frndn,30,6,5,rnd,f,30,0
frndn,30,6,5,rnd,p,1,4990
frndn,30,6,5,rnd,p,2,4800
frndn,30,6,5,rnd,p,3,4890
frndn,30,6,5,rnd,p,4,4650
frndn,30,6,5,rnd,p,5,4550
frndn,30,6,5,rnd,p,6,4370
frndn,30,6,5,rnd,p,7,4208
frndn,30,6,5,rnd,p,8,4092
frndn,30,6,5,rnd,p,9,3914
frndn,30,6,5,rnd,p,10,3688
frndn,30,6,5,rnd,p,11,3458
frndn,30,6,5,rnd,p,12,3272
frndn,30,6,5,rnd,p,13,3190
frndn,30,6,5,rnd,p,14,3026
frndn,30,6,5,rnd,p,15,2684
frndn,30,6,5,rnd,p,16,2464
frndn,30,6,5,rnd,p,17,2178
frndn,30,6,5,rnd,p,18,1898
frndn,30,6,5,rnd,p,19,1752
frndn,30,6,5,rnd,p,20,1566
frndn,30,6,5,rnd,p,21,1410
frndn,30,6,5,rnd,p,22,1168
frndn,30,6,5,rnd,p,23,912
frndn,30,6,5,rnd,p,24,710
frndn,30,6,5,rnd,p,25,542
frndn,30,6,5,rnd,p,26,438
frndn,30,6,5,rnd,p,27,262
frndn,30,6,5,rnd,p,28,128
frndn,30,6,5,rnd,p,29,102
frndn,30,6,5,rnd,p,30,0
